COUNTRY,YEAR,total_events,total_fatalities,avg_population_exposure,num_weeks_with_events,num_event_types,num_admin_regions,milex_constant_usd_m,milex_per_capita,milex_share_gdp,milex_current_usd_m,income_classification,country_id,iso_code,current_income_group,lending_category,total_events_lag1,total_events_lag2,total_fatalities_lag1,total_fatalities_lag2,milex_constant_usd_m_lag1,milex_constant_usd_m_lag2,milex_per_capita_lag1,milex_per_capita_lag2,milex_share_gdp_lag1,milex_share_gdp_lag2,total_events_pct_change,total_fatalities_pct_change,milex_constant_usd_m_pct_change,total_events_rolling3,total_fatalities_rolling3,fatalities_escalation,income_level_numeric
Bahrain,2015,12,0,30567.333333333332,1,2,3,1560.1845193547679,1074.5315026793924,0.046441113490364026,1442.0212765957447,H,1,BHR,High income,,,,,,,,,,,,,,,12.0,0.0,0,4.0
Bahrain,2016,3212,5,66364.8782816229,53,6,4,1584.7388743241459,1077.6911771425089,0.04670635313531353,1505.534574468085,H,1,BHR,High income,,12.0,,0.0,,1560.1845193547679,,1074.5315026793924,,0.046441113490364026,,266.6666666666667,inf,0.01573810960483879,1612.0,2.5,1,4.0
Bahrain,2017,3744,17,67362.06698564593,52,6,4,1591.2803014005115,1048.367144977734,0.043207377417903745,1532.7127659574471,H,1,BHR,High income,,3212.0,12.0,5.0,0.0,1584.7388743241459,1560.1845193547679,1077.6911771425089,1074.5315026793924,0.04670635313531353,0.046441113490364026,0.1656288916562889,2.4,0.00412776336994658,2322.6666666666665,7.333333333333333,1,4.0
Bahrain,2018,1602,0,58122.27702702703,52,4,4,1553.599987717629,1017.0836048389384,0.04041086252990011,1527.6595744680856,H,1,BHR,High income,,3744.0,3212.0,17.0,5.0,1591.2803014005115,1584.7388743241459,1048.367144977734,1077.6911771425089,0.043207377417903745,0.04670635313531353,-0.5721153846153846,-1.0,-0.023679243468117783,2852.6666666666665,7.333333333333333,0,4.0
Bahrain,2019,715,1,35209.654867256635,52,4,4,1568.3883329572766,1043.3441165153697,0.040298610155497454,1557.712765957447,H,1,BHR,High income,,1602.0,3744.0,0.0,17.0,1553.599987717629,1591.2803014005115,1017.0836048389384,1048.367144977734,0.04041086252990011,0.043207377417903745,-0.5536828963795256,inf,0.009518759884501016,2020.3333333333333,6.0,1,4.0
Bahrain,2020,299,0,29513.778761061945,38,4,4,1447.9745443974084,950.4649756715517,0.040574686510924836,1404.7872340425533,H,1,BHR,High income,,715.0,1602.0,1.0,0.0,1568.3883329572766,1553.599987717629,1043.3441165153697,1017.0836048389384,0.040298610155497454,0.04041086252990011,-0.5818181818181818,-1.0,-0.0767754936896411,872.0,0.3333333333333333,0,4.0
Bahrain,2021,1171,0,32416.822580645163,51,4,5,1490.7315920611786,966.0618279569892,0.03519796822089086,1437.5,H,1,BHR,High income,,299.0,715.0,0.0,1.0,1447.9745443974084,1568.3883329572766,950.4649756715517,1043.3441165153697,0.040574686510924836,0.040298610155497454,2.9163879598662206,,0.029528866946734844,728.3333333333334,0.3333333333333333,0,4.0
Bahrain,2022,729,0,23197.789115646257,53,4,5,1599.261638973513,1054.8311214100133,0.034233933454876936,1598.06914893617,H,1,BHR,High income,,1171.0,299.0,0.0,0.0,1490.7315920611786,1447.9745443974084,966.0618279569892,950.4649756715517,0.03519796822089086,0.040574686510924836,-0.3774551665243382,,0.07280321118188282,733.0,0.0,0,4.0
Bahrain,2023,823,0,29760.145833333332,52,4,4,1622.3936170212764,1045.3567119982451,0.03520835738196929,1622.3936170212764,H,1,BHR,High income,,729.0,1171.0,0.0,0.0,1599.261638973513,1490.7315920611786,1054.8311214100133,966.0618279569892,0.034233933454876936,0.03519796822089086,0.12894375857338813,,0.01446416113789284,907.6666666666666,0.0,0,4.0
Bahrain,2024,825,0,35346.01244813278,52,4,4,1364.8540760080473,871.51977597942,0.028946654057962953,1383.973404255319,H,1,BHR,High income,,823.0,729.0,0.0,0.0,1622.3936170212764,1599.261638973513,1045.3567119982451,1054.8311214100133,0.03520835738196929,0.034233933454876936,0.002430133657351119,,-0.15874047969078742,792.3333333333334,0.0,0,4.0
Bahrain,2025,729,0,33795.99227799228,52,4,4,,,,,H,1,BHR,High income,,825.0,823.0,0.0,0.0,1364.8540760080473,1622.3936170212764,871.51977597942,1045.3567119982451,0.028946654057962953,0.03520835738196929,-0.11636363636363634,,0.0,792.3333333333334,0.0,0,4.0
Bahrain,2026,285,1,33552.72727272727,10,5,4,,,,,H,1,BHR,High income,,729.0,825.0,0.0,0.0,,1364.8540760080473,,871.51977597942,,0.028946654057962953,-0.6090534979423868,inf,0.0,613.0,0.3333333333333333,1,4.0
Iran,2015,2,0,18908.5,1,1,2,5479.582324747221,129.0479284227077,0.025570908068691545,10588.769670868436,UM,2,IRN,Upper middle income,IBRD,,,,,,,,,,,,,,2.0,0.0,0,3.0
Iran,2016,1790,269,38616.41857335128,53,6,31,6290.746814781614,147.42991422277535,0.027964355628100436,12263.957414621567,UM,2,IRN,Upper middle income,IBRD,2.0,,0.0,,5479.582324747221,,129.0479284227077,,0.025570908068691545,,894.0,inf,0.14803400003152856,896.0,134.5,1,3.0
Iran,2017,2668,199,45039.11361310133,52,6,31,7077.9281472859875,164.9853324861444,0.028443384495596025,13931.196489797547,UM,2,IRN,Upper middle income,IBRD,1790.0,2.0,269.0,0.0,6290.746814781614,5479.582324747221,147.42991422277535,129.0479284227077,0.027964355628100436,0.025570908068691545,0.4905027932960895,-0.2602230483271375,0.12513320845383613,1486.6666666666667,156.0,0,3.0
Iran,2018,3105,244,48217.23692003949,52,6,31,6289.300970242647,137.77936333187148,0.02356294883243833,11795.842412294844,UM,2,IRN,Upper middle income,IBRD,2668.0,1790.0,199.0,269.0,7077.9281472859875,6290.746814781614,164.9853324861444,147.42991422277535,0.028443384495596025,0.027964355628100436,0.1637931034482758,0.22613065326633164,-0.11142062488240112,2521.0,237.33333333333334,1,3.0
Iran,2019,2589,480,51494.705882352944,52,6,31,5262.207395147525,56.8107142969176,0.021469474501483767,4921.057693827596,UM,2,IRN,Upper middle income,IBRD,3105.0,2668.0,244.0,199.0,6289.300970242647,7077.9281472859875,137.77936333187148,164.9853324861444,0.02356294883243833,0.028443384495596025,-0.16618357487922708,0.9672131147540983,-0.16330806554730615,2787.3333333333335,307.6666666666667,1,3.0
Iran,2020,2387,433,49900.014675052415,52,6,31,5473.190062005417,38.29018550154105,0.02177010276095222,3349.7020080458146,UM,2,IRN,Upper middle income,IBRD,2589.0,3105.0,480.0,244.0,5262.207395147525,6289.300970242647,56.8107142969176,137.77936333187148,0.021469474501483767,0.02356294883243833,-0.07802240247199688,-0.09791666666666665,0.04009394746631356,2693.6666666666665,385.6666666666667,0,3.0
Iran,2021,4288,220,53773.60197869102,52,6,33,6651.958915286999,64.79372602170471,0.02223942825283923,5699.580109499255,UM,2,IRN,Upper middle income,IBRD,2387.0,2589.0,433.0,480.0,5473.190062005417,5262.207395147525,38.29018550154105,56.8107142969176,0.02177010276095222,0.021469474501483767,0.796397151235861,-0.4919168591224018,0.21537144515856133,3088.0,377.6666666666667,0,3.0
Iran,2022,4615,738,72649.06796727501,53,6,33,6995.997485060227,83.86360073354514,0.021106213069938387,7459.331830845907,LM,2,IRN,Upper middle income,IBRD,4288.0,2387.0,220.0,433.0,6651.958915286999,5473.190062005417,64.79372602170471,38.29018550154105,0.02223942825283923,0.02177010276095222,0.07625932835820892,2.3545454545454545,0.051719887953995736,3763.3333333333335,463.6666666666667,1,2.0
Iran,2023,4181,306,54533.67467398765,52,6,35,7390.861136377818,82.02680417275583,0.023517918727696808,7390.861136377818,LM,2,IRN,Upper middle income,IBRD,4615.0,4288.0,738.0,220.0,6995.997485060227,6651.958915286999,83.86360073354514,64.79372602170471,0.021106213069938387,0.02223942825283923,-0.09404117009750812,-0.5853658536585367,0.056441365532336585,4361.333333333333,421.3333333333333,0,2.0
Iran,2024,3786,273,48141.99923254029,52,6,33,6645.9683982087345,86.61475395728675,0.020104317575163594,7891.903306818182,LM,2,IRN,Upper middle income,IBRD,4181.0,4615.0,306.0,738.0,7390.861136377818,6995.997485060227,82.02680417275583,83.86360073354514,0.023517918727696808,0.021106213069938387,-0.0944750059794307,-0.10784313725490191,-0.10078564925306499,4194.0,439.0,0,2.0
Iran,2025,4536,1318,88509.63330898466,52,6,34,,,,,UM,2,IRN,Upper middle income,IBRD,3786.0,4181.0,273.0,306.0,6645.9683982087345,7390.861136377818,86.61475395728675,82.02680417275583,0.020104317575163594,0.023517918727696808,0.19809825673534065,3.8278388278388276,0.0,4167.666666666667,632.3333333333334,1,3.0
Iran,2026,2635,28331,111629.15384615384,10,6,35,,,,,UM,2,IRN,Upper middle income,IBRD,4536.0,3786.0,1318.0,273.0,,6645.9683982087345,,86.61475395728675,,0.020104317575163594,-0.4190917107583775,20.49544764795144,0.0,3652.3333333333335,9974.0,1,3.0
Iraq,2015,23,123,126908.33333333333,1,4,5,9707.577479664988,259.09763167289765,0.0541292532011925,9604.23101085097,UM,3,IRQ,Upper middle income,IBRD,,,,,,,,,,,,,,23.0,123.0,0,3.0
Iraq,2016,10588,57735,255404.9423503326,53,6,18,6076.42810733324,156.89653109267115,0.03550134769035268,5970.383697669416,UM,3,IRQ,Upper middle income,IBRD,23.0,,123.0,,9707.577479664988,,259.09763167289765,,0.0541292532011925,,459.3478260869565,468.390243902439,-0.37405309202405246,5305.5,28929.0,1,3.0
Iraq,2017,5238,30546,168278.1466480447,52,6,17,7547.245792076372,190.72121419367213,0.03908984920565153,7416.385135135135,UM,3,IRQ,Upper middle income,IBRD,10588.0,23.0,57735.0,123.0,6076.42810733324,9707.577479664988,156.89653109267115,259.09763167289765,0.03550134769035268,0.0541292532011925,-0.505289006422365,-0.4709275136399065,0.24205300527921958,5283.0,29468.0,0,3.0
Iraq,2018,3667,5159,129302.10827586208,52,6,18,6411.497782845548,158.78703033633766,0.027517248549766206,6317.977150052539,UM,3,IRQ,Upper middle income,IBRD,5238.0,10588.0,30546.0,57735.0,7547.245792076372,6076.42810733324,190.72121419367213,156.89653109267115,0.03908984920565153,0.03550134769035268,-0.2999236349751814,-0.8311071826098344,-0.15048509622188433,6497.666666666667,31146.666666666668,0,3.0
Iraq,2019,3721,3514,97013.52734638758,52,6,18,7770.8302175008785,186.5063774328196,0.032371948504544626,7598.829335745368,UM,3,IRQ,Upper middle income,IBRD,3667.0,5238.0,5159.0,30546.0,6411.497782845548,7547.245792076372,158.78703033633766,190.72121419367213,0.027517248549766206,0.03908984920565153,0.01472593400599953,-0.31886024423337855,0.212014802265444,4208.666666666667,13073.0,0,3.0
Iraq,2020,6282,2662,108032.5313670412,52,6,18,5772.732634388136,135.66528113395043,0.031121788993966133,5649.373636979964,UM,3,IRQ,Upper middle income,IBRD,3721.0,3667.0,3514.0,5159.0,7770.8302175008785,6411.497782845548,186.5063774328196,158.78703033633766,0.032371948504544626,0.027517248549766206,0.6882558452029024,-0.24245873648264082,-0.2571279422130184,4556.666666666667,3778.3333333333335,0,3.0
Iraq,2021,7600,2598,125349.72058155383,52,6,18,5559.265742909534,112.0164051638579,0.02261111747023709,4771.002728739036,UM,3,IRQ,Upper middle income,IBRD,6282.0,3721.0,2662.0,3514.0,5772.732634388136,7770.8302175008785,135.66528113395043,186.5063774328196,0.031121788993966133,0.032371948504544626,0.20980579433301494,-0.02404207362885047,-0.03697848228878309,5867.666666666667,2924.6666666666665,0,3.0
Iraq,2022,7855,2136,162088.42389687654,53,6,18,5249.066792362005,107.73203143816191,0.016400113452748465,4691.837701163389,UM,3,IRQ,Upper middle income,IBRD,7600.0,6282.0,2598.0,2662.0,5559.265742909534,5772.732634388136,112.0164051638579,135.66528113395043,0.02261111747023709,0.031121788993966133,0.03355263157894739,-0.1778290993071594,-0.05579854694716957,7245.666666666667,2465.3333333333335,0,3.0
Iraq,2023,6553,1390,165229.53678822776,52,6,18,5518.874505283099,123.76933180720114,0.022626948691918263,5518.874505283099,UM,3,IRQ,Upper middle income,IBRD,7855.0,7600.0,2136.0,2598.0,5249.066792362005,5559.265742909534,107.73203143816191,112.0164051638579,0.016400113452748465,0.02261111747023709,-0.16575429662635266,-0.34925093632958804,0.05140108205780414,7336.0,2041.3333333333333,0,3.0
Iraq,2024,9524,1023,124116.30315224681,52,6,18,5759.122918466838,135.61935400314954,0.02357140580357136,6178.546529675486,UM,3,IRQ,Upper middle income,IBRD,6553.0,7855.0,1390.0,2136.0,5518.874505283099,5249.066792362005,123.76933180720114,107.73203143816191,0.022626948691918263,0.016400113452748465,0.4533801312376011,-0.2640287769784173,0.043532139198627195,7977.333333333333,1516.3333333333333,0,3.0
Iraq,2025,5377,597,89062.0149142431,52,6,18,,,,,UM,3,IRQ,Upper middle income,IBRD,9524.0,6553.0,1023.0,1390.0,5759.122918466838,5518.874505283099,135.61935400314954,123.76933180720114,0.02357140580357136,0.022626948691918263,-0.43542629147417056,-0.4164222873900293,0.0,7151.333333333333,1003.3333333333334,0,3.0
Iraq,2026,1050,133,89178.8705882353,10,6,18,,,,,UM,3,IRQ,Upper middle income,IBRD,5377.0,9524.0,597.0,1023.0,,5759.122918466838,,135.61935400314954,,0.02357140580357136,-0.8047238236935094,-0.7772194304857621,0.0,5317.0,584.3333333333334,0,3.0
Israel,2015,3,2,167573.33333333334,1,3,3,19293.582767348063,2063.8448397539005,0.05422974424025949,16457.098752197602,H,4,ISR,High income,,,,,,,,,,,,,,,3.0,2.0,0,4.0
Israel,2016,211,15,45856.272108843536,51,6,6,20315.932377856003,2143.9447366636086,0.054174876874992624,17434.558598548465,H,4,ISR,High income,,3.0,,2.0,,19293.582767348063,,2063.8448397539005,,0.05422974424025949,,69.33333333333333,6.5,0.0529891012382695,107.0,8.5,1,4.0
Israel,2017,431,10,41894.030303030304,52,6,6,21182.393199458493,2335.5456637392017,0.05426827307120434,19357.002461070504,H,4,ISR,High income,,211.0,3.0,15.0,2.0,20315.932377856003,19293.582767348063,2143.9447366636086,2063.8448397539005,0.054174876874992624,0.05422974424025949,1.042654028436019,-0.33333333333333337,0.04264932593233661,215.0,9.0,0,4.0
Israel,2018,800,7,44961.666666666664,52,6,6,21444.696162441793,2358.9164342713316,0.05288197175588742,19899.819039512953,H,4,ISR,High income,,431.0,211.0,10.0,15.0,21182.393199458493,20315.932377856003,2335.5456637392017,2143.9447366636086,0.05426827307120434,0.054174876874992624,0.8561484918793503,-0.30000000000000004,0.012383065525854109,480.6666666666667,10.666666666666666,0,4.0
Israel,2019,833,11,45616.565217391304,52,6,6,21572.60779585163,2369.1584844758986,0.050721271911689264,20339.22558922559,H,4,ISR,High income,,800.0,431.0,7.0,10.0,21444.696162441793,21182.393199458493,2358.9164342713316,2335.5456637392017,0.05288197175588742,0.05426827307120434,0.04125000000000001,0.5714285714285714,0.005964721180515609,688.0,9.333333333333334,1,4.0
Israel,2020,1663,1,67627.08924485126,52,6,6,22472.533631152906,2499.0343376222063,0.052762640880940445,21816.56976744186,H,4,ISR,High income,,833.0,800.0,11.0,7.0,21572.60779585163,21444.696162441793,2369.1584844758986,2358.9164342713316,0.050721271911689264,0.05288197175588742,0.9963985594237694,-0.9090909090909091,0.04171613575037192,1098.6666666666667,6.333333333333333,0,4.0
Israel,2021,1657,25,62652.5203539823,52,6,7,23163.269393471895,2744.1916055498905,0.049349458892043015,24340.979541227527,H,4,ISR,High income,,1663.0,833.0,1.0,11.0,22472.533631152906,21572.60779585163,2499.0343376222063,2369.1584844758986,0.052762640880940445,0.050721271911689264,-0.0036079374624172766,24.0,0.030736888579463217,1384.3333333333333,12.333333333333334,1,4.0
Israel,2022,1083,31,51834.7694063927,53,6,7,22207.219622465684,2596.347706383654,0.04433012200579227,23406.07457304864,H,4,ISR,High income,,1657.0,1663.0,25.0,1.0,23163.269393471895,22472.533631152906,2744.1916055498905,2499.0343376222063,0.049349458892043015,0.052762640880940445,-0.34640917320458664,0.24,-0.04127438811706152,1467.6666666666667,19.0,1,4.0
Israel,2023,4304,1773,98051.38836477988,52,6,6,27498.52785685238,2991.8972752532236,0.053847997335162184,27498.52785685238,H,4,ISR,High income,,1083.0,1657.0,31.0,25.0,22207.219622465684,23163.269393471895,2596.347706383654,2744.1916055498905,0.04433012200579227,0.049349458892043015,2.9741458910433978,56.193548387096776,0.23826973049043043,2348.0,609.6666666666666,1,4.0
Israel,2024,5688,100,72957.58279845957,52,6,8,45267.12362408014,4988.768329686505,0.08776716689775306,46505.2983693376,H,4,ISR,High income,,4304.0,1083.0,1773.0,31.0,27498.52785685238,22207.219622465684,2991.8972752532236,2596.347706383654,0.053847997335162184,0.04433012200579227,0.3215613382899629,-0.9435984207557812,0.6461653460041494,3691.6666666666665,634.6666666666666,0,4.0
Israel,2025,2236,50,66664.92639138241,52,6,8,,,,,H,4,ISR,High income,,5688.0,4304.0,100.0,1773.0,45267.12362408014,27498.52785685238,4988.768329686505,2991.8972752532236,0.08776716689775306,0.053847997335162184,-0.6068917018284107,-0.5,0.0,4076.0,641.0,0,4.0
Israel,2026,661,15,54990.16279069767,10,6,7,,,,,H,4,ISR,High income,,2236.0,5688.0,50.0,100.0,,45267.12362408014,,4988.768329686505,,0.08776716689775306,-0.7043828264758497,-0.7,0.0,2861.6666666666665,55.0,0,4.0
Jordan,2016,113,66,45258.36842105263,37,6,11,2082.057782638292,178.94787820775787,0.044355063007049604,1769.4366197183099,UM,5,JOR,Lower middle income,IBRD,,,,,,,,,,,,,,113.0,66.0,0,3.0
Jordan,2017,134,34,40584.3417721519,32,6,12,2208.999742395969,191.57711702312642,0.04684353741496599,1939.718309859155,UM,5,JOR,Lower middle income,IBRD,113.0,,66.0,,2082.057782638292,,178.94787820775787,,0.044355063007049604,,0.18584070796460184,-0.48484848484848486,0.06096947011567644,123.5,50.0,0,3.0
Jordan,2018,795,20,40778.54700854701,52,6,12,2134.291927084856,189.2639674084725,0.04560090871171482,1957.7464788732395,LM,5,JOR,Lower middle income,IBRD,134.0,113.0,34.0,66.0,2208.999742395969,2082.057782638292,191.57711702312642,178.94787820775787,0.04684353741496599,0.044355063007049604,4.932835820895522,-0.4117647058823529,-0.033819748312909126,347.3333333333333,40.0,0,2.0
Jordan,2019,842,25,43247.95988538682,52,6,12,2198.6214995127407,192.05298894776845,0.04566237503216273,2032.1126760563382,UM,5,JOR,Lower middle income,IBRD,795.0,134.0,20.0,34.0,2134.291927084856,2208.999742395969,189.2639674084725,191.57711702312642,0.04560090871171482,0.04684353741496599,0.0591194968553459,0.25,0.03014094351926344,590.3333333333334,26.333333333333332,1,3.0
Jordan,2020,377,16,47426.39361702128,50,5,12,2216.985602307245,191.01695558466474,0.047045711723912545,2055.9154929577467,UM,5,JOR,Lower middle income,IBRD,842.0,795.0,25.0,20.0,2198.6214995127407,2134.291927084856,192.05298894776845,189.2639674084725,0.04566237503216273,0.04560090871171482,-0.5522565320665083,-0.36,0.008352553087729753,671.3333333333334,20.333333333333332,0,3.0
Jordan,2021,404,9,35092.61502347418,51,5,12,2316.1210834294484,198.4646757275968,0.0470182146525246,2176.760563380282,UM,5,JOR,Lower middle income,IBRD,377.0,842.0,16.0,25.0,2216.985602307245,2198.6214995127407,191.01695558466474,192.05298894776845,0.047045711723912545,0.04566237503216273,0.07161803713527859,-0.4375,0.04471633961854882,541.0,16.666666666666668,0,3.0
Jordan,2022,466,14,39863.57251908397,53,5,12,2383.246053341628,209.09746882549214,0.047983769063779984,2334.5732394366196,UM,5,JOR,Lower middle income,IBRD,404.0,377.0,9.0,16.0,2316.1210834294484,2216.985602307245,198.4646757275968,191.01695558466474,0.0470182146525246,0.047045711723912545,0.15346534653465338,0.5555555555555556,0.02898163243382279,415.6666666666667,13.0,1,3.0
Jordan,2023,463,7,43270.90731707317,49,6,12,2450.2391030452545,215.93717308938528,0.0481224565580192,2450.2391030452545,UM,5,JOR,Lower middle income,IBRD,466.0,404.0,14.0,9.0,2383.246053341628,2316.1210834294484,209.09746882549214,198.4646757275968,0.047983769063779984,0.0470182146525246,-0.006437768240343367,-0.5,0.028110001319290312,444.3333333333333,10.0,0,3.0
Jordan,2024,323,3,36456.23880597015,51,5,12,2507.179653595037,222.03466222711347,0.04800187037227218,2560.2816901408455,LM,5,JOR,Lower middle income,IBRD,463.0,466.0,7.0,14.0,2450.2391030452545,2383.246053341628,215.93717308938528,209.09746882549214,0.0481224565580192,0.047983769063779984,-0.3023758099352052,-0.5714285714285714,0.02323877309729272,417.3333333333333,8.0,0,2.0
Jordan,2025,92,9,43645.59322033898,34,6,12,,,,,LM,5,JOR,Lower middle income,IBRD,323.0,463.0,3.0,7.0,2507.179653595037,2450.2391030452545,222.03466222711347,215.93717308938528,0.04800187037227218,0.0481224565580192,-0.7151702786377709,2.0,0.0,292.6666666666667,6.333333333333333,1,2.0
Jordan,2026,30,1,,6,4,7,,,,,LM,5,JOR,Lower middle income,IBRD,92.0,323.0,9.0,3.0,,2507.179653595037,,222.03466222711347,,0.04800187037227218,-0.6739130434782609,-0.8888888888888888,0.0,148.33333333333334,4.333333333333333,0,2.0
Kuwait,2016,13,0,29301.3,12,4,4,7491.161371709841,1642.4820716846805,0.05893519442881431,6446.742131362371,H,6,KWT,High income,,,,,,,,,,,,,,,13.0,0.0,0,4.0
Kuwait,2017,4,0,13536.0,3,1,2,7726.248253721028,1656.7810222576666,0.056074453643333785,6764.636913878053,H,6,KWT,High income,,13.0,,0.0,,7491.161371709841,,1642.4820716846805,,0.05893519442881431,,-0.6923076923076923,,0.03138190066215718,8.5,0.0,0,4.0
Kuwait,2018,5,0,11572.75,4,1,2,8108.522231576209,1695.121613327762,0.05190854737287759,7165.2790595364495,H,6,KWT,High income,,4.0,13.0,0.0,0.0,7726.248253721028,7491.161371709841,1656.7810222576666,1642.4820716846805,0.056074453643333785,0.05893519442881431,0.25,,0.04947730972416986,7.333333333333333,0.0,0,4.0
Kuwait,2019,22,0,14782.842105263158,17,2,4,8299.949598865192,1668.2171350321507,0.05323116692923607,7373.519736842106,H,6,KWT,High income,,5.0,4.0,0.0,0.0,8108.522231576209,7726.248253721028,1695.121613327762,1656.7810222576666,0.05190854737287759,0.056074453643333785,3.4000000000000004,,0.023608169506340593,10.333333333333334,0.0,0,4.0
Kuwait,2020,21,1,12893.615384615385,14,3,3,7727.819951250152,1554.8929984939232,0.06472172835420212,6941.042345276873,H,6,KWT,High income,,22.0,5.0,0.0,0.0,8299.949598865192,8108.522231576209,1668.2171350321507,1695.121613327762,0.05323116692923607,0.05190854737287759,-0.045454545454545414,inf,-0.06893170142783334,16.0,0.3333333333333333,1,4.0
Kuwait,2021,13,0,8482.272727272728,12,2,2,9524.800363945837,2081.258198379326,0.06351581365596294,9024.335548172758,H,6,KWT,High income,,21.0,22.0,1.0,0.0,7727.819951250152,8299.949598865192,1554.8929984939232,1668.2171350321507,0.06472172835420212,0.05323116692923607,-0.38095238095238093,-1.0,0.23253393894160035,18.666666666666668,0.3333333333333333,0,4.0
Kuwait,2022,22,0,9595.363636363636,15,2,2,8516.195249001312,1879.6446423315056,0.04510754268494416,8244.121401265984,H,6,KWT,High income,,13.0,21.0,0.0,1.0,9524.800363945837,7727.819951250152,2081.258198379326,1554.8929984939232,0.06351581365596294,0.06472172835420212,0.6923076923076923,,-0.10589252020046436,18.666666666666668,0.3333333333333333,0,4.0
Kuwait,2023,18,0,8606.857142857143,15,2,2,7755.031935627665,1617.991223790458,0.04768858417268116,7755.031935627666,H,6,KWT,High income,,22.0,13.0,0.0,0.0,8516.195249001312,9524.800363945837,1879.6446423315056,2081.258198379326,0.04510754268494416,0.06351581365596294,-0.18181818181818177,,-0.08937833047720556,17.666666666666668,0.0,0,4.0
Kuwait,2024,9,0,10836.0,9,2,2,7555.304448220574,1595.6031051823047,0.048409324738438925,7792.925565710376,H,6,KWT,High income,,18.0,22.0,0.0,0.0,7755.031935627665,8516.195249001312,1617.991223790458,1879.6446423315056,0.04768858417268116,0.04510754268494416,-0.5,,-0.02575456672067533,16.333333333333332,0.0,0,4.0
Kuwait,2026,62,12,10039.0,2,3,6,,,,,H,6,KWT,High income,,9.0,18.0,0.0,0.0,7555.304448220574,7755.031935627665,1595.6031051823047,1617.991223790458,0.048409324738438925,0.04768858417268116,5.888888888888889,inf,0.0,29.666666666666668,4.0,1,4.0
Lebanon,2015,2,0,11912.5,1,1,2,1812.5479582594653,342.20906077925537,0.0448517082491055,2239.416093739447,UM,7,LBN,Lower middle income,IBRD,,,,,,,,,,,,,,2.0,0.0,0,3.0
Lebanon,2016,929,221,54841.11287128713,53,6,8,2126.2814170446863,407.19526766477946,0.050959805526496316,2606.456908322253,UM,7,LBN,Lower middle income,IBRD,2.0,,0.0,,1812.5479582594653,,342.20906077925537,,0.0448517082491055,,463.5,inf,0.17308974218066475,465.5,110.5,1,3.0
Lebanon,2017,754,389,46896.91066997519,52,6,8,1908.8776111979496,390.8846848708121,0.04603397368026719,2441.074857018222,UM,7,LBN,Lower middle income,IBRD,929.0,2.0,221.0,0.0,2126.2814170446863,1812.5479582594653,407.19526766477946,342.20906077925537,0.050959805526496316,0.0448517082491055,-0.18837459634015075,0.7601809954751131,-0.1022460169683963,561.6666666666666,203.33333333333334,1,3.0
Lebanon,2018,577,36,53277.18260869565,52,6,8,2046.0963514827006,456.88194505458097,0.050555209744563206,2775.557816206579,UM,7,LBN,Lower middle income,IBRD,754.0,929.0,389.0,221.0,1908.8776111979496,2126.2814170446863,390.8846848708121,407.19526766477946,0.04603397368026719,0.050959805526496316,-0.23474801061007955,-0.9074550128534704,0.07188451448107092,753.3333333333334,215.33333333333334,0,3.0
Lebanon,2019,3658,25,78604.98965517241,52,6,8,1804.3932251558906,394.71548218646853,0.047393827778858914,2326.058336524859,UM,7,LBN,Lower middle income,IBRD,577.0,754.0,36.0,389.0,2046.0963514827006,1908.8776111979496,456.88194505458097,390.8846848708121,0.050555209744563206,0.04603397368026719,5.339688041594454,-0.3055555555555556,-0.11812890734674353,1663.0,150.0,0,3.0
Lebanon,2020,2931,48,74346.28611500701,52,6,8,743.8389875715228,75.8411256064148,0.030266583649933166,431.9910514541387,UM,7,LBN,Lower middle income,IBRD,3658.0,577.0,25.0,36.0,1804.3932251558906,2046.0963514827006,394.71548218646853,456.88194505458097,0.047393827778858914,0.050555209744563206,-0.1987424822307272,0.9199999999999999,-0.5877622586910018,2388.6666666666665,36.333333333333336,1,3.0
Lebanon,2021,3210,74,66300.08310991956,52,6,8,290.93247041926435,30.06086123987278,0.01609054299679692,171.58739595719382,UM,7,LBN,Lower middle income,IBRD,2931.0,3658.0,48.0,25.0,743.8389875715228,1804.3932251558906,75.8411256064148,394.71548218646853,0.030266583649933166,0.047393827778858914,0.09518935516888427,0.5416666666666667,-0.608877088616856,3266.3333333333335,49.0,1,3.0
Lebanon,2022,1310,54,53956.63652173913,53,6,8,246.46475301637298,38.18919902167829,0.013950376434210307,218.74773199617326,UM,7,LBN,Lower middle income,IBRD,3210.0,2931.0,74.0,48.0,290.93247041926435,743.8389875715228,30.06086123987278,75.8411256064148,0.01609054299679692,0.030266583649933166,-0.5919003115264798,-0.2702702702702703,-0.15284549482843457,2483.6666666666665,58.666666666666664,0,3.0
Lebanon,2023,3294,291,53059.71305841924,52,6,8,286.21731780181096,49.6818812362109,0.01624092345755437,286.21731780181096,LM,7,LBN,Lower middle income,IBRD,1310.0,3210.0,54.0,74.0,246.46475301637298,290.93247041926435,38.18919902167829,30.06086123987278,0.013950376434210307,0.01609054299679692,1.5145038167938933,4.388888888888889,0.16129107427704747,2604.6666666666665,139.66666666666666,1,2.0
Lebanon,2024,14541,4035,65264.3772070626,52,6,8,453.0084749487151,109.8291690125051,0.025882853822520337,635.4715719063546,LM,7,LBN,Lower middle income,IBRD,3294.0,1310.0,291.0,54.0,286.21731780181096,246.46475301637298,49.6818812362109,38.18919902167829,0.01624092345755437,0.013950376434210307,3.4143897996357016,12.8659793814433,0.5827430654017847,6381.666666666667,1460.0,1,2.0
Lebanon,2025,3705,411,26615.6825633383,52,6,8,,,,,LM,7,LBN,Lower middle income,IBRD,14541.0,3294.0,4035.0,291.0,453.0084749487151,286.21731780181096,109.8291690125051,49.6818812362109,0.025882853822520337,0.01624092345755437,-0.7452032184856612,-0.8981412639405204,0.0,7180.0,1579.0,0,2.0
Lebanon,2026,1687,640,33389.03921568627,10,6,8,,,,,LM,7,LBN,Lower middle income,IBRD,3705.0,14541.0,411.0,4035.0,,453.0084749487151,,109.8291690125051,,0.025882853822520337,-0.5446693657219973,0.5571776155717763,0.0,6644.333333333333,1695.3333333333333,1,2.0
Oman,2016,3,0,,3,1,2,8565.495826102837,1849.442038391056,0.10563126228939859,7935.955786736021,H,8,OMN,High income,,,,,,,,,,,,,,,3.0,0.0,0,4.0
Oman,2017,1,0,,1,1,1,7226.879827841738,1515.0703340178,0.08413249952121545,6802.665799739922,H,8,OMN,High income,,3.0,,0.0,,8565.495826102837,,1849.442038391056,,0.10563126228939859,,-0.6666666666666667,,-0.1562800362568325,2.0,0.0,0,4.0
Oman,2018,7,0,11989.0,4,2,3,7966.906741267378,1650.3805853798024,0.08267601442385016,7565.344603381014,H,8,OMN,High income,,1.0,3.0,0.0,0.0,7226.879827841738,8565.495826102837,1515.0703340178,1849.442038391056,0.08413249952121545,0.10563126228939859,6.0,,0.10239922775174248,3.6666666666666665,0.0,0,4.0
Oman,2019,1,0,,1,1,1,6865.090349448736,1420.7417723039748,0.0743921190765759,6551.040312093628,H,8,OMN,High income,,7.0,1.0,0.0,0.0,7966.906741267378,7226.879827841738,1650.3805853798024,1515.0703340178,0.08267601442385016,0.08413249952121545,-0.8571428571428572,,-0.13829914515145492,3.0,0.0,0,4.0
Oman,2020,6,0,,4,1,2,6413.997300456001,1333.5613022563518,0.08030242505396253,6095.708712613784,H,8,OMN,High income,,1.0,7.0,0.0,0.0,6865.090349448736,7966.906741267378,1420.7417723039748,1650.3805853798024,0.0743921190765759,0.08267601442385016,5.0,,-0.06570824650967011,4.666666666666667,0.0,0,4.0
Oman,2021,21,2,8734.615384615385,4,4,7,5984.928467893375,1292.7168271178716,0.06623175199393636,5783.615084525357,H,8,OMN,High income,,6.0,1.0,0.0,0.0,6413.997300456001,6865.090349448736,1333.5613022563518,1420.7417723039748,0.08030242505396253,0.0743921190765759,2.5,inf,-0.06689569896328484,9.333333333333334,0.6666666666666666,1,4.0
Oman,2022,9,0,,8,1,3,5838.473438004597,1277.5535775378073,0.05264759081783401,5783.485045513654,H,8,OMN,High income,,21.0,6.0,2.0,0.0,5984.928467893375,6413.997300456001,1292.7168271178716,1333.5613022563518,0.06623175199393636,0.08030242505396253,-0.5714285714285714,-1.0,-0.024470639987503207,12.0,0.6666666666666666,0,4.0
Oman,2023,15,0,12113.0,10,2,8,5851.7555266579975,1186.246812620717,0.05525960964611746,5851.7555266579975,H,8,OMN,High income,,9.0,21.0,0.0,2.0,5838.473438004597,5984.928467893375,1277.5535775378073,1292.7168271178716,0.05264759081783401,0.06623175199393636,0.6666666666666667,,0.0022749249087858914,15.0,0.6666666666666666,0,4.0
Oman,2024,6,10,58724.8,5,3,3,5911.434201135474,1159.3991266111682,0.05594195319452839,5988.296488946684,H,8,OMN,High income,,15.0,9.0,0.0,0.0,5851.7555266579975,5838.473438004597,1186.246812620717,1277.5535775378073,0.05525960964611746,0.05264759081783401,-0.6,inf,0.010198422371817673,10.0,3.3333333333333335,1,4.0
Oman,2025,2,0,,2,1,2,,,,,H,8,OMN,High income,,6.0,15.0,10.0,0.0,5911.434201135474,5851.7555266579975,1159.3991266111682,1186.246812620717,0.05594195319452839,0.05525960964611746,-0.6666666666666667,-1.0,0.0,7.666666666666667,3.3333333333333335,0,4.0
Oman,2026,19,9,,2,2,8,,,,,H,8,OMN,High income,,2.0,6.0,0.0,10.0,,5911.434201135474,,1159.3991266111682,,0.05594195319452839,8.5,inf,0.0,9.0,6.333333333333333,1,4.0
Palestine,2015,2,0,34517.0,1,2,1,,,,,LM,9,PSE,Lower middle income,,,,,,,,,,,,,,,2.0,0.0,0,2.0
Palestine,2016,1220,178,69077.18208092486,53,6,2,,,,,LM,9,PSE,Lower middle income,,2.0,,0.0,,,,,,,,609.0,inf,,611.0,89.0,1,2.0
Palestine,2017,1704,125,78496.86153846154,52,6,2,,,,,LM,9,PSE,Lower middle income,,1220.0,2.0,178.0,0.0,,,,,,,0.3967213114754098,-0.297752808988764,,975.3333333333334,101.0,0,2.0
Palestine,2018,5870,411,126237.35355285963,52,6,2,,,,,LM,9,PSE,Lower middle income,,1704.0,1220.0,125.0,178.0,,,,,,,2.4448356807511735,2.288,,2931.3333333333335,238.0,1,2.0
Palestine,2019,5190,183,116084.87221095334,52,6,2,,,,,LM,9,PSE,Lower middle income,,5870.0,1704.0,411.0,125.0,,,,,,,-0.11584327086882451,-0.5547445255474452,,4254.666666666667,239.66666666666666,0,2.0
Palestine,2020,5548,58,118851.86111111111,52,6,2,,,,,LM,9,PSE,Lower middle income,,5190.0,5870.0,183.0,411.0,,,,,,,0.06897880539499046,-0.6830601092896175,,5536.0,217.33333333333334,0,2.0
Palestine,2021,7225,395,133359.60317460317,52,6,2,,,,,LM,9,PSE,Lower middle income,,5548.0,5190.0,58.0,183.0,,,,,,,0.3022710886806057,5.810344827586207,,5987.666666666667,212.0,1,2.0
Palestine,2022,9147,230,150673.94405594407,53,6,2,,,,,LM,9,PSE,Lower middle income,,7225.0,5548.0,395.0,58.0,,,,,,,0.26602076124567464,-0.4177215189873418,,7306.666666666667,227.66666666666666,0,2.0
Palestine,2023,14317,23625,232278.05504587156,52,6,2,,,,,LM,9,PSE,Lower middle income,,9147.0,7225.0,230.0,395.0,,,,,,,0.5652126380233957,101.71739130434783,,10229.666666666666,8083.333333333333,1,2.0
Palestine,2024,21010,29921,335487.3344155844,52,6,2,,,,,UM,9,PSE,Lower middle income,,14317.0,9147.0,23625.0,230.0,,,,,,,0.4674862052105888,0.26649735449735457,,14824.666666666666,17925.333333333332,1,3.0
Palestine,2025,18416,16672,257576.62166666667,52,6,2,,,,,LM,9,PSE,Lower middle income,,21010.0,14317.0,29921.0,23625.0,,,,,,,-0.12346501665873388,-0.44279937167875405,,17914.333333333332,23406.0,0,2.0
Palestine,2026,2701,388,241791.80952380953,10,6,2,,,,,LM,9,PSE,Lower middle income,,18416.0,21010.0,16672.0,29921.0,,,,,,,-0.8533340573414422,-0.9767274472168906,,14042.333333333334,15660.333333333334,0,2.0
Qatar,2017,1,0,,1,1,1,,,,,H,10,QAT,High income,,,,,,,,,,,,,,,1.0,0.0,0,4.0
Qatar,2019,4,0,82312.25,3,2,2,,,,,H,10,QAT,High income,,1.0,,0.0,,,,,,,,3.0,,,2.5,0.0,0,4.0
Qatar,2020,7,0,21930.5,6,2,3,,,,,H,10,QAT,High income,,4.0,1.0,0.0,0.0,,,,,,,0.75,,,4.0,0.0,0,4.0
Qatar,2021,19,0,33310.375,8,2,4,12541.070654449351,4153.854028450947,0.06452355112331698,11593.406593406593,H,10,QAT,High income,,7.0,4.0,0.0,0.0,,,,,,,1.7142857142857144,,,10.0,0.0,0,4.0
Qatar,2022,10,0,29719.166666666668,7,3,3,15878.711836402663,5428.7030334934525,0.06500205652723035,15412.08791208791,H,10,QAT,High income,,19.0,7.0,0.0,0.0,12541.070654449351,,4153.854028450947,,0.06452355112331698,,-0.4736842105263158,,0.2661368613507631,12.0,0.0,0,4.0
Qatar,2023,20,0,27083.363636363636,11,2,2,,,,,H,10,QAT,High income,,10.0,19.0,0.0,0.0,15878.711836402663,12541.070654449351,5428.7030334934525,4153.854028450947,0.06500205652723035,0.06452355112331698,1.0,,0.0,16.333333333333332,0.0,0,4.0
Qatar,2025,7,6,54309.5,4,2,2,,,,,H,10,QAT,High income,,20.0,10.0,0.0,0.0,,15878.711836402663,,5428.7030334934525,,0.06500205652723035,-0.65,inf,0.0,12.333333333333334,2.0,1,4.0
Qatar,2026,35,0,,2,3,6,,,,,H,10,QAT,High income,,7.0,20.0,6.0,0.0,,,,,,,4.0,-1.0,0.0,20.666666666666668,2.0,0,4.0
Saudi Arabia,2015,446,878,69728.89436619719,40,5,7,98960.63376455799,2956.956644621559,0.13022838193006966,87185.86666666667,H,11,SAU,High income,,,,,,,,,,,,,,,446.0,878.0,0,4.0
Saudi Arabia,2016,723,1284,42210.90366972477,51,6,9,70807.1552691961,2090.0997899159665,0.0956048239449097,63672.8,H,11,SAU,High income,,446.0,,878.0,,98960.63376455799,,2956.956644621559,,0.13022838193006966,,0.6210762331838564,0.4624145785876994,-0.2844916955801151,584.5,1081.0,1,4.0
Saudi Arabia,2017,769,1425,52971.24344569288,52,5,8,78949.87235423211,2273.0941848826324,0.09846226923977916,70400.0,H,11,SAU,High income,,723.0,446.0,1284.0,878.0,70807.1552691961,98960.63376455799,2090.0997899159665,2956.956644621559,0.0956048239449097,0.13022838193006966,0.0636237897648686,0.10981308411214963,0.11499850621139718,646.0,1195.6666666666667,1,4.0
Saudi Arabia,2018,847,1499,37513.30268199234,52,6,8,81666.23471111133,2438.787561831296,0.08813335176243393,74612.26666666668,H,11,SAU,High income,,769.0,723.0,1425.0,1284.0,78949.87235423211,70807.1552691961,2273.0941848826324,2090.0997899159665,0.09846226923977916,0.0956048239449097,0.10143042912873868,0.05192982456140349,0.03440616527777851,779.6666666666666,1402.6666666666667,1,4.0
Saudi Arabia,2019,299,1043,39978.67567567567,49,6,7,73071.79842480402,2168.851135370696,0.07794588442168612,65362.666666666664,H,11,SAU,High income,,847.0,769.0,1499.0,1425.0,81666.23471111133,78949.87235423211,2438.787561831296,2273.0941848826324,0.08813335176243393,0.09846226923977916,-0.6469893742621016,-0.30420280186791193,-0.10523855197572829,638.3333333333334,1322.3333333333333,0,4.0
Saudi Arabia,2020,120,54,60425.04081632653,43,6,8,69768.81786466595,2095.439644259794,0.08792174110135297,64558.4,H,11,SAU,High income,,299.0,847.0,1043.0,1499.0,73071.79842480402,81666.23471111133,2168.851135370696,2438.787561831296,0.07794588442168612,0.08813335176243393,-0.5986622073578596,-0.9482262703739214,-0.04520185121127218,422.0,865.3333333333334,0,4.0
Saudi Arabia,2021,241,20,91939.6393442623,46,4,9,66265.12660434241,2027.224414290144,0.07229219836676616,63194.666666666664,H,11,SAU,High income,,120.0,299.0,54.0,1043.0,69768.81786466595,73071.79842480402,2095.439644259794,2168.851135370696,0.08792174110135297,0.07794588442168612,1.0083333333333333,-0.6296296296296297,-0.05021858428388204,220.0,372.3333333333333,0,4.0
Saudi Arabia,2022,63,89,81825.55555555556,23,4,7,72570.36881222838,2252.644284216879,0.06397422152789925,70920.0,H,11,SAU,High income,,241.0,120.0,20.0,54.0,66265.12660434241,69768.81786466595,2027.224414290144,2095.439644259794,0.07229219836676616,0.08792174110135297,-0.7385892116182573,3.45,0.09515174166245055,141.33333333333334,54.333333333333336,1,4.0
Saudi Arabia,2023,24,193,84350.85714285714,13,4,11,77765.33333333334,2366.061196133913,0.0728424248969983,77765.33333333333,H,11,SAU,High income,,63.0,241.0,89.0,20.0,72570.36881222838,66265.12660434241,2252.644284216879,2027.224414290144,0.06397422152789925,0.07229219836676616,-0.6190476190476191,1.1685393258426968,0.0715852021442338,109.33333333333333,100.66666666666667,1,4.0
Saudi Arabia,2024,5,12,42035.0,5,2,3,78953.62723106716,2386.461087509779,0.07298102939010304,80330.66666666667,H,11,SAU,High income,,24.0,63.0,193.0,89.0,77765.33333333334,72570.36881222838,2366.061196133913,2252.644284216879,0.0728424248969983,0.06397422152789925,-0.7916666666666666,-0.9378238341968912,0.01528050928091984,30.666666666666668,98.0,0,4.0
Saudi Arabia,2025,19,1,96936.0,18,3,4,,,,,H,11,SAU,High income,,5.0,24.0,12.0,193.0,78953.62723106716,77765.33333333334,2386.461087509779,2366.061196133913,0.07298102939010304,0.0728424248969983,2.8,-0.9166666666666666,0.0,16.0,68.66666666666667,0,4.0
Saudi Arabia,2026,56,3,,2,3,5,,,,,H,11,SAU,High income,,19.0,5.0,1.0,12.0,,78953.62723106716,,2386.461087509779,,0.07298102939010304,1.9473684210526314,2.0,0.0,26.666666666666668,5.333333333333333,1,4.0
Syria,2016,465,568,121842.23076923077,1,5,14,,,,,LM,12,SYR,Low income,IDA,,,,,,,,,,,,,,465.0,568.0,0,2.0
Syria,2017,31408,54334,119750.0655105973,52,6,14,,,,,LM,12,SYR,Low income,IDA,465.0,,568.0,,,,,,,,66.54408602150538,94.65845070422536,,15936.5,27451.0,1,2.0
Syria,2018,20645,30244,87620.00470286448,52,6,14,,,,,LM,12,SYR,Low income,IDA,31408.0,465.0,54334.0,568.0,,,,,,,-0.3426833927661742,-0.44336879302094456,,17506.0,28382.0,0,2.0
Syria,2019,19953,15122,84584.41923607915,52,6,14,,,,,L,12,SYR,Low income,IDA,20645.0,31408.0,30244.0,54334.0,,,,,,,-0.033519011867280235,-0.5,,24002.0,33233.333333333336,0,1.0
Syria,2020,12367,8390,56056.713583556746,52,6,14,,,,,L,12,SYR,Low income,IDA,19953.0,20645.0,15122.0,30244.0,,,,,,,-0.3801934546183531,-0.4451792090993255,,17655.0,17918.666666666668,0,1.0
Syria,2021,10801,6093,50992.401754385966,52,6,14,,,,,L,12,SYR,Low income,IDA,12367.0,19953.0,8390.0,15122.0,,,,,,,-0.1266273146276381,-0.27377830750893917,,14373.666666666666,9868.333333333334,0,1.0
Syria,2022,12621,6178,56904.33422103862,53,6,14,,,,,L,12,SYR,Low income,IDA,10801.0,12367.0,6093.0,8390.0,,,,,,,0.16850291639662984,0.013950434925324107,,11929.666666666666,6887.0,1,1.0
Syria,2023,12811,6327,59402.784057359764,52,6,14,,,,,L,12,SYR,Low income,IDA,12621.0,10801.0,6178.0,6093.0,,,,,,,0.0150542746216622,0.024117837487860116,,12077.666666666666,6199.333333333333,1,1.0
Syria,2024,15805,7109,67534.20257478228,52,6,14,,,,,L,12,SYR,Low income,IDA,12811.0,12621.0,6327.0,6178.0,,,,,,,0.23370540941378493,0.12359728149201832,,13745.666666666666,6538.0,1,1.0
Syria,2025,10303,7839,67987.52465078062,52,6,14,,,,,L,12,SYR,Low income,IDA,15805.0,12811.0,7109.0,6327.0,,,,,,,-0.3481176842771275,0.10268673512449,,12973.0,7091.666666666667,1,1.0
Syria,2026,2109,790,75482.6,10,6,14,,,,,L,12,SYR,Low income,IDA,10303.0,15805.0,7839.0,7109.0,,,,,,,-0.7953023391245269,-0.899221839520347,,9405.666666666666,5246.0,0,1.0
Turkey,2015,8,14,100257.0,1,4,4,10442.04707977235,,0.018128485572372934,15668.749999999998,,13,,,,,,,,,,,,,,,,,8.0,14.0,0,
Turkey,2016,4265,4526,77351.76869565218,53,6,80,12242.601720954835,,0.020503243786549708,17827.702150796664,,13,,,,8.0,,14.0,,10442.04707977235,,,,0.018128485572372934,,532.125,322.2857142857143,0.17243310889398322,2136.5,2270.0,1,
Turkey,2017,1764,2612,54081.20253164557,52,6,74,13140.21268084131,,0.02050065992193264,17822.738263164494,,13,,,,4265.0,8.0,4526.0,14.0,12242.601720954835,10442.04707977235,,,0.020503243786549708,0.018128485572372934,-0.586400937866354,-0.42288996906760934,0.07331864421841772,2012.3333333333333,2384.0,0,
Turkey,2018,3080,990,52480.41330343797,52,6,72,16678.568582280128,,0.02522090224148575,19648.69382385138,,13,,,,1764.0,4265.0,2612.0,4526.0,13140.21268084131,12242.601720954835,,,0.02050065992193264,0.020503243786549708,0.746031746031746,-0.6209800918836141,0.26927691258740505,3036.3333333333335,2709.3333333333335,0,
Turkey,2019,4746,557,53082.48730964467,52,6,80,17729.790546261265,,0.026898589794363343,20436.917121238785,,13,,,,3080.0,1764.0,990.0,2612.0,16678.568582280128,13140.21268084131,,,0.02522090224148575,0.02050065992193264,0.540909090909091,-0.4373737373737374,0.06302830838241058,3196.6666666666665,1386.3333333333333,0,
Turkey,2020,4268,359,72032.39971139972,52,6,79,15070.378798030746,,0.02195552186910229,15782.990905830842,,13,,,,4746.0,3080.0,557.0,990.0,17729.790546261265,16678.568582280128,,,0.026898589794363343,0.02522090224148575,-0.100716392751791,-0.355475763016158,-0.14999679445120784,4031.3333333333335,635.3333333333334,0,
Turkey,2021,4741,213,48776.374153846155,52,6,78,15333.864750175402,,0.018588832109145602,15254.829834666363,,13,,,,4268.0,4746.0,359.0,557.0,15070.378798030746,17729.790546261265,,,0.02195552186910229,0.026898589794363343,0.11082474226804129,-0.4066852367688022,0.017483698032798367,4585.0,376.3333333333333,0,
Turkey,2022,5641,219,53480.95377677565,53,6,81,16429.033296339163,,0.016587984353461083,15036.835693606365,,13,,,,4741.0,4268.0,213.0,359.0,15333.864750175402,15070.378798030746,,,0.018588832109145602,0.02195552186910229,0.18983336848766075,0.028169014084507005,0.07142156031806879,4883.333333333333,263.6666666666667,1,
Turkey,2023,6073,149,50079.90367428004,52,6,81,19577.83192354367,,0.017199188018746526,19577.831923543665,,13,,,,5641.0,4741.0,219.0,213.0,16429.033296339163,15333.864750175402,,,0.016587984353461083,0.018588832109145602,0.07658216628257408,-0.319634703196347,0.19166061510789834,5485.0,193.66666666666666,0,
Turkey,2024,7235,55,46395.57889990983,52,6,81,21884.408730506595,,0.019225523127637117,24978.735534603824,,13,,,,6073.0,5641.0,149.0,219.0,19577.83192354367,16429.033296339163,,,0.017199188018746526,0.016587984353461083,0.19133871233327837,-0.6308724832214765,0.11781574262005545,6316.333333333333,141.0,0,
Turkey,2025,5896,15,42743.96145833333,52,6,82,,,,,,13,,,,7235.0,6073.0,55.0,149.0,21884.408730506595,19577.83192354367,,,0.019225523127637117,0.017199188018746526,-0.18507256392536287,-0.7272727272727273,0.0,6401.333333333333,73.0,0,
Turkey,2026,1439,1,52105.82089552239,10,5,67,,,,,,13,,,,5896.0,7235.0,15.0,55.0,,21884.408730506595,,,,0.019225523127637117,-0.7559362279511533,-0.9333333333333333,0.0,4856.666666666667,23.666666666666668,0,
United Arab Emirates,2017,1,0,3766.0,1,1,1,,,,,H,14,ARE,High income,,,,,,,,,,,,,,,1.0,0.0,0,4.0
United Arab Emirates,2018,2,0,19467.0,2,2,1,,,,,H,14,ARE,High income,,1.0,,0.0,,,,,,,,1.0,,,1.5,0.0,0,4.0
United Arab Emirates,2019,2,0,8781.0,2,2,2,,,,,H,14,ARE,High income,,2.0,1.0,0.0,0.0,,,,,,,0.0,,,1.6666666666666667,0.0,0,4.0
United Arab Emirates,2020,4,2,,4,2,3,,,,,H,14,ARE,High income,,2.0,2.0,0.0,0.0,,,,,,,1.0,inf,,2.6666666666666665,0.6666666666666666,1,4.0
United Arab Emirates,2021,4,0,27065.0,3,3,2,,,,,H,14,ARE,High income,,4.0,2.0,2.0,0.0,,,,,,,0.0,-1.0,,3.3333333333333335,0.6666666666666666,0,4.0
United Arab Emirates,2022,25,3,109820.54545454546,11,4,3,,,,,H,14,ARE,High income,,4.0,4.0,0.0,2.0,,,,,,,5.25,inf,,11.0,1.6666666666666667,1,4.0
United Arab Emirates,2023,4,0,9685.0,4,2,2,,,,,H,14,ARE,High income,,25.0,4.0,3.0,0.0,,,,,,,-0.84,-1.0,,11.0,1.0,0,4.0
United Arab Emirates,2024,2,1,127753.0,2,2,1,,,,,H,14,ARE,High income,,4.0,25.0,0.0,3.0,,,,,,,-0.5,inf,,10.333333333333334,1.3333333333333333,1,4.0
United Arab Emirates,2025,4,0,36312.666666666664,4,3,2,,,,,H,14,ARE,High income,,2.0,4.0,1.0,0.0,,,,,,,1.0,-1.0,,3.3333333333333335,0.3333333333333333,0,4.0
United Arab Emirates,2026,83,6,,2,2,6,,,,,H,14,ARE,High income,,4.0,2.0,0.0,1.0,,,,,,,19.75,inf,,29.666666666666668,2.3333333333333335,1,4.0
Yemen,2014,15,27,88172.27272727272,1,4,8,5514.5771025113745,57.62587686294334,0.03966890832779027,1714.8308436874681,LM,15,YEM,Low income,IDA,,,,,,,,,,,,,,15.0,27.0,0,2.0
Yemen,2015,8078,17577,99572.72046669907,52,6,22,,,,,LM,15,YEM,Low income,IDA,15.0,,27.0,,5514.5771025113745,,57.62587686294334,,0.03966890832779027,,537.5333333333333,650.0,0.0,4046.5,8802.0,1,2.0
Yemen,2016,9271,16034,63884.3616398243,53,6,23,,,,,LM,15,YEM,Low income,IDA,8078.0,15.0,17577.0,27.0,,5514.5771025113745,,57.62587686294334,,0.03966890832779027,0.1476850705620203,-0.08778517380667916,0.0,5788.0,11212.666666666666,0,2.0
Yemen,2017,8464,17559,59109.59309994926,52,6,24,,,,,LM,15,YEM,Low income,IDA,9271.0,8078.0,16034.0,17577.0,,,,,,,-0.08704562614604683,0.09511039042035674,0.0,8604.333333333334,17056.666666666668,1,2.0
Yemen,2018,11474,34202,64507.891304347824,52,6,24,,,,,LM,15,YEM,Low income,IDA,8464.0,9271.0,17559.0,16034.0,,,,,,,0.35562381852551983,0.9478330201036504,0.0,9736.333333333334,22598.333333333332,1,2.0
Yemen,2019,11821,27812,53676.37247474748,52,6,24,,,,,L,15,YEM,Low income,IDA,11474.0,8464.0,34202.0,17559.0,,,,,,,0.030242286909534677,-0.18683117946318928,0.0,10586.333333333334,26524.333333333332,0,1.0
Yemen,2020,11826,19707,45341.91954490045,52,6,26,,,,,L,15,YEM,Low income,IDA,11821.0,11474.0,27812.0,34202.0,,,,,,,0.0004229760595551024,-0.29142096936574136,0.0,11707.0,27240.333333333332,0,1.0
Yemen,2021,8833,18378,46405.23753527752,52,6,25,,,,,L,15,YEM,Low income,IDA,11826.0,11821.0,19707.0,27812.0,,,,,,,-0.25308641975308643,-0.06743796620490183,0.0,10826.666666666666,21965.666666666668,0,1.0
Yemen,2022,8244,6679,48349.688342967245,53,6,26,,,,,L,15,YEM,Low income,IDA,8833.0,11826.0,18378.0,19707.0,,,,,,,-0.06668176157590855,-0.6365763412776145,0.0,9634.333333333334,14921.333333333334,0,1.0
Yemen,2023,7640,2648,43582.56429856115,52,6,25,,,,,L,15,YEM,Low income,IDA,8244.0,8833.0,6679.0,18378.0,,,,,,,-0.0732654051431344,-0.6035334630932774,0.0,8239.0,9235.0,0,1.0
Yemen,2024,12953,3052,67542.94032395567,52,6,29,,,,,L,15,YEM,Low income,IDA,7640.0,8244.0,2648.0,6679.0,,,,,,,0.6954188481675392,0.1525679758308156,0.0,9612.333333333334,4126.333333333333,1,1.0
Yemen,2025,12811,2899,57053.09853862213,52,6,29,,,,,L,15,YEM,Low income,IDA,12953.0,7640.0,3052.0,2648.0,,,,,,,-0.01096271134100213,-0.05013106159895153,0.0,11134.666666666666,2866.3333333333335,0,1.0
Yemen,2026,1390,398,34228.14772727273,10,6,24,,,,,L,15,YEM,Low income,IDA,12811.0,12953.0,2899.0,3052.0,,,,,,,-0.8914994926235267,-0.8627112797516385,0.0,9051.333333333334,2116.3333333333335,0,1.0
