COUNTRY,YEAR,milex_constant_usd_m,milex_per_capita,milex_share_gdp,milex_current_usd_m
Bahrain,1949,,,,
Bahrain,1950,,,,
Bahrain,1951,,,,
Bahrain,1952,,,,
Bahrain,1953,,,,
Bahrain,1954,,,,
Bahrain,1955,,,,
Bahrain,1956,,,,
Bahrain,1957,,,,
Bahrain,1958,,,,
Bahrain,1959,,,,
Bahrain,1960,,,,
Bahrain,1961,,,,
Bahrain,1962,,,,
Bahrain,1963,,,,
Bahrain,1964,,,,
Bahrain,1965,,,,
Bahrain,1966,,,,
Bahrain,1967,,,,
Bahrain,1968,,,,
Bahrain,1969,,,,
Bahrain,1970,,,,
Bahrain,1971,82.52656780648594,,,11.583922358233853
Bahrain,1972,78.53062294940995,,,12.539956862548392
Bahrain,1973,83.67294477608195,,,16.765508094987865
Bahrain,1974,104.41129084405392,,,26.34645589501951
Bahrain,1975,56.178668163545275,,0.015261798544259216,16.43489254108723
Bahrain,1976,73.37875657288681,,0.017522872403160857,26.289247445013764
Bahrain,1977,95.88823977534517,,0.02077922077922078,40.43978263616833
Bahrain,1978,232.91841220101333,,0.0495813133539004,116.14311929446927
Bahrain,1979,303.8546344068074,,0.05892751915144372,157.22570011294047
Bahrain,1980,321.7887397349504,,0.056988913066003524,175.06631299734747
Bahrain,1981,394.0943851310302,,0.06902581565505499,239.36170212765956
Bahrain,1982,470.5141199738066,,0.08535161949226729,311.1702127659575
Bahrain,1983,269.4727200585436,,0.04790336017772841,183.51063829787233
Bahrain,1984,241.3568907982179,,0.04179305695989215,164.89361702127658
Bahrain,1985,251.8894401285167,,0.04588158182215425,167.5531914893617
Bahrain,1986,274.17779625011127,,0.05837762481484709,178.1914893617021
Bahrain,1987,279.0472252953535,,0.0525325388113533,178.1914893617021
Bahrain,1988,323.87797985056676,440.43908388670553,0.05603045758207025,207.4468085106383
Bahrain,1989,335.50192687080875,445.9818126441283,0.05644661664486818,218.08510638297875
Bahrain,1990,364.8434398763932,473.0468421495248,0.05284791544333529,239.36170212765956
Bahrain,1991,398.2830393427004,502.4768556114991,0.05703750648153483,263.2978723404255
Bahrain,1992,423.1511030459784,517.1394799054373,0.05878071992386497,279.25531914893617
Bahrain,1993,412.6737775966136,503.16273720529034,0.05369855167334915,279.25531914893617
Bahrain,1994,417.12649660651294,499.2534527808884,0.051113021878284134,284.5744680851064
Bahrain,1995,432.7145839555108,517.3916200711641,0.05183231790488315,303.19148936170217
Bahrain,1996,461.37122471219203,535.4550925762028,0.052739397637623676,321.80851063829783
Bahrain,1997,450.41905419458567,522.4164133738601,0.0506848741255812,321.80851063829783
Bahrain,1998,463.2845635622526,521.8152437382171,0.053331039525181714,329.78723404255317
Bahrain,1999,518.5312656326366,563.1556447104475,0.05503621543665412,364.36170212765956
Bahrain,2000,514.5885588111279,542.3603522530051,0.03961670968848529,359.04255319148933
Bahrain,2001,540.170338980711,549.9858575065213,0.04148081631989979,372.3404255319149
Bahrain,2002,647.554941888448,614.3138812866013,0.0461110660635053,444.1489361702127
Bahrain,2003,740.4494619760645,660.6369357343286,0.046588328030262756,515.9574468085107
Bahrain,2004,745.8016858998411,632.4790649429503,0.04044928847960123,531.9148936170212
Bahrain,2005,701.5549639957511,569.066377317545,0.03214381095330072,513.2978723404256
Bahrain,2006,769.3519527360461,596.2638916506485,0.031029477284812947,574.2021276595746
Bahrain,2007,833.7795653032719,626.2701671436273,0.029569902343439237,642.5531914893617
Bahrain,2008,902.3876133746513,661.1081804505402,0.028001613687379103,719.9468085106382
Bahrain,2009,1009.8324454665595,718.9162234042553,0.03610535249676513,828.1914893617021
Bahrain,2010,1007.8945498419099,693.6783118816215,0.0327782374844849,842.8191489361702
Bahrain,2011,1240.8991665866788,852.7315497507198,0.03591497227356747,1033.5106382978722
Bahrain,2012,1381.3138577178054,983.5115233476122,0.038444905725653004,1182.18085106383
Bahrain,2013,1524.3024147352353,1094.7249252467288,0.04141397629750715,1347.6063829787233
Bahrain,2014,1625.660290793242,1148.9610260489164,0.04418512028038872,1475.2659574468087
Bahrain,2015,1560.1845193547679,1074.5315026793924,0.046441113490364026,1442.0212765957447
Bahrain,2016,1584.7388743241459,1077.6911771425089,0.04670635313531353,1505.534574468085
Bahrain,2017,1591.2803014005115,1048.367144977734,0.043207377417903745,1532.7127659574471
Bahrain,2018,1553.599987717629,1017.0836048389384,0.04041086252990011,1527.6595744680856
Bahrain,2019,1568.3883329572766,1043.3441165153697,0.040298610155497454,1557.712765957447
Bahrain,2020,1447.9745443974084,950.4649756715517,0.040574686510924836,1404.7872340425533
Bahrain,2021,1490.7315920611786,966.0618279569892,0.03519796822089086,1437.5
Bahrain,2022,1599.261638973513,1054.8311214100133,0.034233933454876936,1598.06914893617
Bahrain,2023,1622.3936170212764,1045.3567119982451,0.03520835738196929,1622.3936170212764
Bahrain,2024,1364.8540760080473,871.51977597942,0.028946654057962953,1383.973404255319
Iran,1949,,,,
Iran,1950,,,,
Iran,1951,,,,
Iran,1952,,,,
Iran,1953,,,,
Iran,1954,,,,
Iran,1955,,,,
Iran,1956,,,,
Iran,1957,,,,
Iran,1958,,,,
Iran,1959,,,,
Iran,1960,271.4730270352953,,0.022949088330196703,98.67986798679867
Iran,1961,282.5139864386505,,0.023466421816608084,105.94059405940594
Iran,1962,290.9746727676854,,0.023074108771210165,109.9009900990099
Iran,1963,339.518548820951,,0.025903569644735863,128.7128712871287
Iran,1964,394.96936709981435,,0.028818267477575595,155.44554455445547
Iran,1965,497.4603502990948,,0.03249524904444664,200.00000000000003
Iran,1966,639.4938538711688,,0.038189953679917,256.1056105610561
Iran,1967,813.5666088629132,,0.04457991761382324,331.023102310231
Iran,1968,1067.3820836186444,,0.05176363590903977,437.2937293729373
Iran,1969,1333.6293136962754,,0.05969054195531597,566.006600660066
Iran,1970,1437.2051126062652,,0.05856903290962477,620.1320132013202
Iran,1971,894.8462517293996,,0.030470124780035194,402.3102310231023
Iran,1972,777.5601044587912,,0.02275370277647667,371.94719471947195
Iran,1973,832.427607125876,,0.018647054187635806,480.8571669129623
Iran,1974,5770.020933984445,,0.08750350247508239,3877.8626631267116
Iran,1975,7846.059072683976,,0.12069192909255495,5951.043741982016
Iran,1976,8841.382859176401,,0.11247972334622722,7186.307294358153
Iran,1977,7403.838223613694,,0.10189830148981822,7617.207960430016
Iran,1978,7044.832875130201,,0.11113205091091367,8113.739880875546
Iran,1979,3924.341823125683,,0.05797247028097834,4993.779938919994
Iran,1980,3181.6863318831865,,0.05343150185423681,4874.889400106175
Iran,1981,4733.905210494157,,0.0819038082342705,8121.567621447014
Iran,1982,5086.2586951178655,,0.0790689063839738,9703.525315259945
Iran,1983,4770.66899996292,,0.0709708065005957,10550.357292931585
Iran,1984,4157.904654745491,,0.06354853844404004,9926.303621971003
Iran,1985,4344.861148606672,,0.06512418440332049,10706.415944506478
Iran,1986,3480.270795254926,,0.06079335975237081,11741.433342091335
Iran,1987,3192.6934875625684,,0.05889107788632806,15263.376569599572
Iran,1988,2951.363763937474,348.18448963425243,0.06269777621033001,18889.008562658197
Iran,1989,2182.828391809078,291.6506473220079,0.0455798049268961,16301.812932063633
Iran,1990,1938.062421066919,286.43661128809055,0.02942650125347595,16474.401698234527
Iran,1991,1747.3533714616135,296.2156910160213,0.021697079665705183,17549.5948299352
Iran,1992,1516.4801180853756,324.93344117055904,0.017893054443735616,19732.55801540571
Iran,1993,1775.8985698943056,23.49336010318579,0.01700361201749712,1448.1777034805784
Iran,1994,2191.7443105283323,27.84552499314484,0.02073010005126147,1703.171536205704
Iran,1995,2150.0168909422655,40.428343615583536,0.021541658849803864,2501.544189557847
Iran,1996,2370.8762443173746,56.78399239134769,0.022448645106428095,3550.9869641929276
Iran,1997,2644.5757015751583,73.42408489764344,0.024988747250577703,4642.384615823301
Iran,1998,2646.6304156024557,85.54554021332277,0.026290792476900415,5479.36294174375
Iran,1999,2676.8961191208277,102.33097100999753,0.02404551737801059,6650.2851439977185
Iran,2000,2947.1637464718756,126.35318307759292,0.022950422215257216,8327.053824362605
Iran,2001,3280.8176659380442,155.06008554275283,0.024181792967932377,10378.791765718619
Iran,2002,3531.427243517174,47.7253351954195,0.021745763661274266,3243.891033232663
Iran,2003,4121.685061392053,54.62019969411965,0.024050402653568975,3717.0684497839247
Iran,2004,5326.274383613434,75.46298725785641,0.028345578046394794,5243.621132599411
Iran,2005,6333.574467881317,95.69241225723681,0.03036654498048169,6796.744965394759
Iran,2006,7583.813513945546,120.49393868974082,0.033151938003344074,8751.474767035876
Iran,2007,6973.77654766809,125.82970644961387,0.02653982821158913,9330.901881771117
Iran,2008,6709.171052398071,147.66089551724315,0.02683341920556369,11081.950208569098
Iran,2009,7019.757197409155,165.6329161835013,0.030477055491766165,12584.623338706246
Iran,2010,7142.8653602735,176.26463800530152,0.02786548060616403,13561.272454213882
Iran,2011,6164.81537838654,183.27023118629336,0.023816345425042743,14277.667360568184
Iran,2012,6418.306015934051,209.147043441521,0.026866084684997394,16493.96328692867
Iran,2013,5168.746603551174,150.19200270533432,0.021807719090983665,11997.1869840994
Iran,2014,5153.560623338729,122.31002526593431,0.021165570614494884,9901.118855302648
Iran,2015,5479.582324747221,129.0479284227077,0.025570908068691545,10588.769670868436
Iran,2016,6290.746814781614,147.42991422277535,0.027964355628100436,12263.957414621567
Iran,2017,7077.9281472859875,164.9853324861444,0.028443384495596025,13931.196489797547
Iran,2018,6289.300970242647,137.77936333187148,0.02356294883243833,11795.842412294844
Iran,2019,5262.207395147525,56.8107142969176,0.021469474501483767,4921.057693827596
Iran,2020,5473.190062005417,38.29018550154105,0.02177010276095222,3349.7020080458146
Iran,2021,6651.958915286999,64.79372602170471,0.02223942825283923,5699.580109499255
Iran,2022,6995.997485060227,83.86360073354514,0.021106213069938387,7459.331830845907
Iran,2023,7390.861136377818,82.02680417275583,0.023517918727696808,7390.861136377818
Iran,2024,6645.9683982087345,86.61475395728675,0.020104317575163594,7891.903306818182
Iraq,1949,,,,
Iraq,1950,,,,
Iraq,1951,,,,
Iraq,1952,,,,
Iraq,1953,,,,
Iraq,1954,,,,
Iraq,1955,,,,
Iraq,1956,,,,
Iraq,1957,0.05104368648635102,,0.06542693661971831,83.24396670241332
Iraq,1958,0.054932411229282545,,0.06075353218210361,86.68796532481387
Iraq,1959,0.0643311897553093,,0.06712797898292362,100.16295993481603
Iraq,1960,0.07369085940935363,,0.07050631858995676,118.726952509219
Iraq,1961,0.07717694033460054,,0.06851398868674514,125.48194980722009
Iraq,1962,0.08201089643707246,,0.06910816618911175,135.0649459740216
Iraq,1963,0.09533518142202917,,0.08250884642604388,163.21893471242612
Iraq,1964,0.10827159349068116,,0.07956513893901118,185.19892592042964
Iraq,1965,0.13257777677582494,,0.0887326656394453,225.74290970283613
Iraq,1966,0.13532879156483016,,0.08520558375634518,234.9969060012376
Iraq,1967,0.13076330925437146,,0.08427062374245473,234.54190618323753
Iraq,1968,0.15899239430674647,,0.09220854004252303,291.43788342484663
Iraq,1969,0.19398993319175958,,0.11380084745762711,375.9978496008602
Iraq,1970,0.19827873444913624,,0.111682261208577,401.05083957966417
Iraq,1971,0.20148204768793193,,0.10516111033616962,426.26334016538266
Iraq,1972,0.19478567861094942,,0.10641092372822542,466.11328807809116
Iraq,1973,0.2414665431104197,,0.12258362026561731,665.1852889854231
Iraq,1974,0.47464729392232374,,0.12494819419775015,1427.457784181032
Iraq,1975,0.4821996197960576,,0.11674622116149562,1590.171817116696
Iraq,1976,0.4733555098097341,,0.11163100169560644,1761.1762395280955
Iraq,1977,0.49429840717335594,,0.09812813425795668,2007.6935058954195
Iraq,1978,0.46740479929018364,,0.0811775941535523,1986.021658302688
Iraq,1979,,,0.06148767876111633,2371.7128209295865
Iraq,1980,,,0.0551152466705124,2976.4928178142586
Iraq,1981,,,0.10829534441293658,4086.4977617044906
Iraq,1982,,,,
Iraq,1983,,,,
Iraq,1984,,,,
Iraq,1985,,,,
Iraq,1986,,,,
Iraq,1987,,,,
Iraq,1988,,,,
Iraq,1989,,,,
Iraq,1990,,,,
Iraq,1991,,,,
Iraq,1992,,,,
Iraq,1993,,,,
Iraq,1994,,,,
Iraq,1995,,,,
Iraq,1996,,,,
Iraq,1997,,,,
Iraq,1998,,,,
Iraq,1999,,,,
Iraq,2000,,,,
Iraq,2001,,,,
Iraq,2002,,,,
Iraq,2003,,,,
Iraq,2004,2140.4671971698085,22.594980841538426,0.01675578077771081,613.7248696178667
Iraq,2005,2889.252147598374,40.01852299095148,0.022425803053245378,1120.2785326086957
Iraq,2006,2073.9890519217365,42.88820696486123,0.01897571722080615,1236.0810129342656
Iraq,2007,3174.133415844362,70.03902391171266,0.02239928025145075,1989.9487473795803
Iraq,2008,4195.821743642799,109.84117654815795,0.023677598241437395,3116.3040198477893
Iraq,2009,3999.3534165066617,109.47142427308806,0.028991400763981393,3237.1794871794873
Iraq,2010,4506.8099333753025,122.86079954514446,0.02709352279724589,3752.9059829059825
Iraq,2011,4856.405026566721,135.63583701481943,0.023034402196253592,4278.6324786324785
Iraq,2012,4415.982331430058,126.33675190171293,0.018995683661394543,4141.066053834346
Iraq,2013,8142.451634385336,225.30373796030588,0.03315830961493986,7780.188679245283
Iraq,2014,7087.548657868938,192.1526443809048,0.02950613991412296,6923.644082332762
Iraq,2015,9707.577479664988,259.09763167289765,0.0541292532011925,9604.23101085097
Iraq,2016,6076.42810733324,156.89653109267115,0.03550134769035268,5970.383697669416
Iraq,2017,7547.245792076372,190.72121419367213,0.03908984920565153,7416.385135135135
Iraq,2018,6411.497782845548,158.78703033633766,0.027517248549766206,6317.977150052539
Iraq,2019,7770.8302175008785,186.5063774328196,0.032371948504544626,7598.829335745368
Iraq,2020,5772.732634388136,135.66528113395043,0.031121788993966133,5649.373636979964
Iraq,2021,5559.265742909534,112.0164051638579,0.02261111747023709,4771.002728739036
Iraq,2022,5249.066792362005,107.73203143816191,0.016400113452748465,4691.837701163389
Iraq,2023,5518.874505283099,123.76933180720114,0.022626948691918263,5518.874505283099
Iraq,2024,5759.122918466838,135.61935400314954,0.02357140580357136,6178.546529675486
Israel,1949,,,,
Israel,1950,,,,
Israel,1951,,,,139.73393546377764
Israel,1952,413.1238802558966,,,172.40803977620325
Israel,1953,392.63587598207283,,,75.58147683202492
Israel,1954,480.39403342119255,,,57.638888888888886
Israel,1955,668.7012650208407,,,84.72222222222223
Israel,1956,1289.385279420146,,,173.88888888888886
Israel,1957,1139.2240750806245,,,163.61111111111111
Israel,1958,1070.7817469172526,,,159.02777777777777
Israel,1959,1135.8358229860469,,,171.25
Israel,1960,1234.5346574451255,,0.07460248311914616,190.27777777777777
Israel,1961,1469.104272376852,,0.07865016263100831,241.80555555555554
Israel,1962,1884.195034261675,,0.0916079196040198,210.60417449715345
Israel,1963,2251.2424896807543,,0.097535741158766,259.25086416954724
Israel,1964,2300.150181026643,,0.08984626961943668,278.5842619475398
Israel,1965,2406.3927251961077,,0.08569153776160146,313.91771305904354
Israel,1966,2666.96829249759,,0.0943467336683417,375.5012516708389
Israel,1967,4345.939981743136,,0.1544251447477254,605.514168123425
Israel,1968,5507.041247912528,,0.17428014721801255,690.001971434204
Israel,1969,6792.680415377114,,0.19089316987740806,872.0024914356898
Israel,1970,9247.252768858343,,0.23447056320799872,1259.6464561327318
Israel,1971,9996.824787214502,,0.22799803477592173,1270.6577872804457
Israel,1972,10136.27603309059,,0.2037101884275471,1461.3737499401886
Israel,1973,14929.926606067547,,0.2785609265373504,2574.504909778792
Israel,1974,15313.293468063532,,0.2765528644204129,3475.6027702834754
Israel,1975,16919.045765288563,,0.3046380278627077,3758.3153807911744
Israel,1976,15646.620170347142,,0.2924559309863571,3648.66501715334
Israel,1977,13353.314348517855,,0.23087213342599028,3180.5562203819827
Israel,1978,14511.524706189559,,0.22891134975784375,3117.5080583181343
Israel,1979,12912.762532850915,,0.1938469318948078,3394.518703948612
Israel,1980,13685.3496718349,,0.1891933663046984,4120.814786048409
Israel,1981,16059.739364660409,,0.202622686197897,4700.103231676378
Israel,1982,14874.069221004023,,0.18388210080059567,4518.481888985041
Israel,1983,13241.298001252371,,0.1554688867707989,4265.358581860552
Israel,1984,14401.818262522562,,0.1618222891566265,4214.300330820913
Israel,1985,13599.137993866023,,0.16600643527798292,4004.5171141366586
Israel,1986,12689.190173761997,,0.14767712882713674,4386.224325196257
Israel,1987,15510.69879519176,,0.1690014494803083,5995.553855415642
Israel,1988,15621.334211031439,1638.0938416345293,0.15947094557291394,6999.574985304344
Israel,1989,12347.345999254765,1278.670873172671,0.12445732654721883,5550.710260442565
Israel,1990,13039.641277613848,1476.4286140290733,0.12362686187266993,6528.767331236561
Israel,1991,17714.92111686306,2000.3534478629294,0.15586982913660233,9337.649894624155
Israel,1992,13372.46232773114,1494.9690085299462,0.10925077527679025,7313.388389728497
Israel,1993,14705.308137859749,1543.4614174743554,0.11523243990746944,7752.8066999736875
Israel,1994,13961.616104328978,1509.4556744212714,0.10119965835375838,7772.187267595126
Israel,1995,12972.101724643157,1503.7796214060456,0.07527956543634977,7945.971519509545
Israel,1996,13207.065882378749,1566.717372794195,0.07379177263844348,8499.441747408508
Israel,1997,13228.864800717547,1539.4146986111314,0.07179521586913659,8580.697530058447
Israel,1998,13035.719540804657,1415.5705286174782,0.06713599531539989,8095.6478531633575
Israel,1999,12764.929155686958,1305.6823130916619,0.06302313518369193,7652.60403703023
Israel,2000,13539.151499685424,1380.7898777970502,0.06100019846520145,8327.543752994008
Israel,2001,14099.419991182125,1373.6511084381425,0.0629993225373241,8504.27401234054
Israel,2002,14078.533050181499,1261.1026902237443,0.06367959305010032,7981.518926426078
Israel,2003,13848.671744007637,1275.8308060011907,0.06252865919752866,8225.281206289676
Israel,2004,14313.296416472378,1311.956919596487,0.06139406960159439,8605.125435633357
Israel,2005,14666.56842631132,1337.4220053308688,0.06051159903490166,8921.942197562224
Israel,2006,14896.905617821509,1372.9187277544156,0.05855872786041619,9315.25356781371
Israel,2007,16705.813886552194,1648.8777166782875,0.061623298282630606,11382.202878230219
Israel,2008,16924.669853366446,1965.7809023896734,0.06239511483088259,13803.713496580285
Israel,2009,16582.062489875363,1785.5575997010858,0.05976648911312941,12754.237934664856
Israel,2010,16702.851468914632,1908.8198645902928,0.05789075287274224,13875.211595706838
Israel,2011,16809.577573816965,2039.171668841019,0.056323640218869805,15100.066207767746
Israel,2012,17136.27737594257,1927.0823396268418,0.055102205465650776,14524.419593767505
Israel,2013,17673.27429430995,2116.1534178771644,0.0544373442389891,16247.825942460868
Israel,2014,19026.76834324069,2267.9165980791463,0.05630574611027483,17737.375713577003
Israel,2015,19293.582767348063,2063.8448397539005,0.05422974424025949,16457.098752197602
Israel,2016,20315.932377856003,2143.9447366636086,0.054174876874992624,17434.558598548465
Israel,2017,21182.393199458493,2335.5456637392017,0.05426827307120434,19357.002461070504
Israel,2018,21444.696162441793,2358.9164342713316,0.05288197175588742,19899.819039512953
Israel,2019,21572.60779585163,2369.1584844758986,0.050721271911689264,20339.22558922559
Israel,2020,22472.533631152906,2499.0343376222063,0.052762640880940445,21816.56976744186
Israel,2021,23163.269393471895,2744.1916055498905,0.049349458892043015,24340.979541227527
Israel,2022,22207.219622465684,2596.347706383654,0.04433012200579227,23406.07457304864
Israel,2023,27498.52785685238,2991.8972752532236,0.053847997335162184,27498.52785685238
Israel,2024,45267.12362408014,4988.768329686505,0.08776716689775306,46505.2983693376
Jordan,1949,,,,
Jordan,1950,,,,
Jordan,1951,,,,
Jordan,1952,,,,
Jordan,1953,,,,
Jordan,1954,,,,
Jordan,1955,,,,
Jordan,1956,,,,
Jordan,1957,,,,45.35998185600725
Jordan,1958,,,,48.36998065200774
Jordan,1959,,,0.22540106951871658,59.00997639600944
Jordan,1960,,,0.20396744659206512,56.139977544008985
Jordan,1961,,,0.1650707743547044,55.50997779600888
Jordan,1962,,,0.18145500420521446,60.409975836009664
Jordan,1963,,,0.17118512780790085,61.879975248009906
Jordan,1964,,,0.14842175957018133,61.879975248009906
Jordan,1965,,,0.13409904534606204,62.92997482801007
Jordan,1966,,,0.1949426111908178,76.08996956401216
Jordan,1967,1008.9782794844324,,0.23492462311557788,104.71995811201676
Jordan,1968,1230.8725668844177,,0.24063818565400844,127.74994890002046
Jordan,1969,,,,
Jordan,1970,924.459398360726,,0.18508026440037773,109.75995609601758
Jordan,1971,872.9876048885,,0.17152961980548187,108.6399565440174
Jordan,1972,965.5460126090093,,0.1835518474374255,129.3599482560207
Jordan,1973,930.9041579461122,,0.18665158371040724,150.6523704161353
Jordan,1974,828.287965813721,,0.17509986684420772,163.30737801621896
Jordan,1975,812.7988568603469,,0.15246636771300448,180.7424826136989
Jordan,1976,1233.4407747336484,,0.17241014575532568,294.59339785470945
Jordan,1977,952.2227668593617,,0.12529295375603652,262.704735063034
Jordan,1978,959.5613324262324,,0.11717492758287737,304.94887525562376
Jordan,1979,1081.4229425399456,,0.12213802614771577,399.55649229355413
Jordan,1980,1005.7238923212466,,0.1064587858547181,416.21213392632376
Jordan,1981,1091.9665001643482,,0.10008973562504314,438.81815678216157
Jordan,1982,1149.6533587124782,,0.09939695142277039,465.2587860150017
Jordan,1983,1174.7994199427446,,0.09850838160803739,484.742989817643
Jordan,1984,1131.2742678153365,,0.09216300283820157,457.77899158571
Jordan,1985,1235.7926200066129,,0.100481091285549,501.74216027874564
Jordan,1986,1366.8615342497385,,0.09774560256370202,625.7750752930285
Jordan,1987,1369.6002945405144,,0.09577580589436673,647.0503074227603
Jordan,1988,1290.5111274842297,188.5107083028006,0.09363614695767646,587.7763884881323
Jordan,1989,1026.555991788155,117.16371975910661,0.09070780953009232,382.89103617276044
Jordan,1990,859.4031258591656,93.97522744148029,0.07751067582789732,322.42900535171884
Jordan,1991,1095.3585852111485,113.65995411885936,0.09973089561724972,433.2717451010919
Jordan,1992,892.6032515881732,91.52451090615664,0.06924248719013987,367.74548482093735
Jordan,1993,936.5200741579238,92.29294205650413,0.0697710941703805,391.1374884354645
Jordan,1994,951.4421055317184,91.46961801205288,0.06539457018558291,407.8630267157438
Jordan,1995,684.9451748082956,64.28784638557968,0.04454248504645145,299.8385155423436
Jordan,1996,906.5121976988404,86.25814498362261,0.060269175167470934,417.48942172073345
Jordan,1997,936.2580453987306,89.1249206010132,0.06131506209366606,444.2877291960508
Jordan,1998,1014.8552705223876,97.21439336423389,0.06274621651009822,496.4739069111425
Jordan,1999,1040.26283596103,98.06334351697294,0.06282233221418435,511.98871650211566
Jordan,2000,1068.386545312079,99.2755240996427,0.06256556425648256,529.3370944992948
Jordan,2001,1048.9431037365896,97.19342992132334,0.058930785351478686,528.9266456318417
Jordan,2002,1016.3279661644051,93.92760567871073,0.054460144666117566,521.8617771509169
Jordan,2003,1172.4646949908881,107.79557307585648,0.060010594817393605,611.8476727785613
Jordan,2004,1087.7853530332952,101.04044945512237,0.051417212887404154,586.7418899858957
Jordan,2005,1081.3836350834224,101.33744113016819,0.047953227898843334,603.6671368124119
Jordan,2006,1182.7850231481616,114.97074417553219,0.046593240085487146,701.5514809590974
Jordan,2007,1661.813757802645,152.9087761281827,0.05851282566242155,1032.4400564174896
Jordan,2008,1920.22917481446,196.8101390762645,0.059949715614972914,1358.3835799043777
Jordan,2009,2234.5388525872318,221.57528385913105,0.06391383880371523,1568.3098591549297
Jordan,2010,2117.1040763874666,216.1930785378382,0.05741499827717989,1557.887323943662
Jordan,2011,2080.645885158419,215.86203741125695,0.0540164163067694,1594.7887323943662
Jordan,2012,1838.502368851599,194.5083071062402,0.046557209066212066,1472.8169014084508
Jordan,2013,1720.674829762125,190.07229379963022,0.041937398195659406,1444.929577464789
Jordan,2014,1792.4820900355048,184.78564059134095,0.0420345261907888,1548.8732394366198
Jordan,2015,1885.4605434958025,175.49767196965757,0.041851629472753005,1614.929577464789
Jordan,2016,2082.057782638292,178.94787820775787,0.044355063007049604,1769.4366197183099
Jordan,2017,2208.999742395969,191.57711702312642,0.04684353741496599,1939.718309859155
Jordan,2018,2134.291927084856,189.2639674084725,0.04560090871171482,1957.7464788732395
Jordan,2019,2198.6214995127407,192.05298894776845,0.04566237503216273,2032.1126760563382
Jordan,2020,2216.985602307245,191.01695558466474,0.047045711723912545,2055.9154929577467
Jordan,2021,2316.1210834294484,198.4646757275968,0.0470182146525246,2176.760563380282
Jordan,2022,2383.246053341628,209.09746882549214,0.047983769063779984,2334.5732394366196
Jordan,2023,2450.2391030452545,215.93717308938528,0.0481224565580192,2450.2391030452545
Jordan,2024,2507.179653595037,222.03466222711347,0.04800187037227218,2560.2816901408455
Kuwait,1949,,,,
Kuwait,1950,,,,
Kuwait,1951,,,,
Kuwait,1952,,,,
Kuwait,1953,,,,
Kuwait,1954,,,,
Kuwait,1955,,,,
Kuwait,1956,,,,
Kuwait,1957,,,,
Kuwait,1958,,,,
Kuwait,1959,,,,
Kuwait,1960,,,,
Kuwait,1961,,,,
Kuwait,1962,,,,
Kuwait,1963,,,,
Kuwait,1964,,,,
Kuwait,1965,,,,
Kuwait,1966,,,,
Kuwait,1967,,,,
Kuwait,1968,,,,
Kuwait,1969,,,,
Kuwait,1970,,,0.023927875243664718,68.739972504011
Kuwait,1971,,,0.018921852387843704,73.434840970744
Kuwait,1972,697.5190522282054,,0.02038934426229508,90.74354991199245
Kuwait,1973,874.1219387123277,,0.02524937655860349,136.5604305194017
Kuwait,1974,2387.6870827233124,,0.03279118572927597,426.4014108769883
Kuwait,1975,,,,
Kuwait,1976,,,,
Kuwait,1977,3268.7278553809406,,0.05293682132280356,748.5186658570801
Kuwait,1978,2846.1617687674357,,0.0476078799249531,738.0395778268188
Kuwait,1979,3189.1546179819666,,0.03548528125910813,881.077990780342
Kuwait,1980,3147.8763152942247,,0.033139909735654415,950.8059652900328
Kuwait,1981,3313.8162114916463,,0.04127006677084813,1042.0216295711748
Kuwait,1982,3916.141349509496,,0.05954296749275829,1285.1193598021612
Kuwait,1983,4199.580056335029,,0.06830511260891008,1425.4984098230736
Kuwait,1984,4335.516034466637,,0.06754863813229572,1465.9091676743385
Kuwait,1985,4084.831861370798,,0.06434108527131784,1379.8698599847714
Kuwait,1986,3670.871775708539,,0.0723620987891601,1295.6176121406081
Kuwait,1987,3608.2463474914475,,0.0597625541472806,1336.7400767234976
Kuwait,1988,4539.318536148592,813.8127717794499,0.08236618742421618,1704.123944106168
Kuwait,1989,5634.9850469890225,954.6624166973899,0.08539829203415931,2076.390756316823
Kuwait,1990,21741.443331780214,3967.0369462120966,0.48517267267267267,8961.536461493126
Kuwait,1991,28334.058882662277,11643.58375309974,1.173498232086904,12924.377965940712
Kuwait,1992,14361.041666316052,3964.8537636157052,0.3178602444709137,6316.012045439818
Kuwait,1993,6948.445651512847,1777.0217839144157,0.12440219180204078,2980.065531624475
Kuwait,1994,7371.869921238065,1977.2378599363494,0.13259238782833047,3296.0555125138944
Kuwait,1995,8085.078725512426,2221.6820295777406,0.13581581305236798,3692.435533158205
Kuwait,1996,6875.928929492981,1905.5764429706653,0.10292648471851913,3241.385529493102
Kuwait,1997,5238.993766395789,1395.2636983827374,0.08086475871454903,2454.268845455235
Kuwait,1998,4887.846738724274,1256.6925064569602,0.08796559792575728,2282.1535917258398
Kuwait,1999,4749.317565493626,1221.3421539505998,0.07590223878887944,2286.3525121955226
Kuwait,2000,5544.97366648108,1398.8981308899358,0.07150148656545546,2697.0755963557963
Kuwait,2001,5449.554633389923,1355.0632080996309,0.07700626084896987,2685.7352784534683
Kuwait,2002,5623.441718542821,1387.1788976891194,0.07399194070290187,2821.5218778996687
Kuwait,2003,6060.306136918812,1501.5570325640886,0.0654392425039453,3130.7464128961246
Kuwait,2004,6522.862536259113,1616.7379404149979,0.058044608858974577,3450.1187648456053
Kuwait,2005,6312.6540408043675,1609.8246826693478,0.04343025941607015,3509.4178082191784
Kuwait,2006,6240.465810349567,1569.0433918769675,0.03542645786321451,3597.8164975738864
Kuwait,2007,6628.558030109747,1689.547099174085,0.03590326758868775,4115.736733588071
Kuwait,2008,6103.100792285104,1717.1868517295227,0.0300607272121515,4430.342077462169
Kuwait,2009,5933.36476453997,1545.6743319629034,0.039718063234107856,4208.871205934986
Kuwait,2010,5824.549155009629,1511.577633563985,0.037561481418781045,4335.204653061509
Kuwait,2011,6655.646005558016,1786.5274326040148,0.03501397265687483,5393.526319031521
Kuwait,2012,7202.565277997349,1829.8542152588811,0.03413741579813719,5941.536636945587
Kuwait,2013,6814.623368014739,1662.1755549241736,0.03271531827016521,5697.937802280067
Kuwait,2014,6801.285656906425,1625.446883926933,0.035856184212800526,5832.103419529835
Kuwait,2015,6850.301643280134,1531.8196822557288,0.050074693972268956,5735.132890365449
Kuwait,2016,7491.161371709841,1642.4820716846805,0.05893519442881431,6446.742131362371
Kuwait,2017,7726.248253721028,1656.7810222576666,0.056074453643333785,6764.636913878053
Kuwait,2018,8108.522231576209,1695.121613327762,0.05190854737287759,7165.2790595364495
Kuwait,2019,8299.949598865192,1668.2171350321507,0.05323116692923607,7373.519736842106
Kuwait,2020,7727.819951250152,1554.8929984939232,0.06472172835420212,6941.042345276873
Kuwait,2021,9524.800363945837,2081.258198379326,0.06351581365596294,9024.335548172758
Kuwait,2022,8516.195249001312,1879.6446423315056,0.04510754268494416,8244.121401265984
Kuwait,2023,7755.031935627665,1617.991223790458,0.04768858417268116,7755.031935627666
Kuwait,2024,7555.304448220574,1595.6031051823047,0.048409324738438925,7792.925565710376
Lebanon,1949,,,,
Lebanon,1950,,,,
Lebanon,1951,,,,
Lebanon,1952,,,,
Lebanon,1953,,,,
Lebanon,1954,,,,
Lebanon,1955,,,,12.523076923076925
Lebanon,1956,,,,18.0625
Lebanon,1957,,,,18.654782879054824
Lebanon,1958,,,,21.76965630330503
Lebanon,1959,,,,20.729001584786058
Lebanon,1960,,,,22.906905201381985
Lebanon,1961,,,,27.83714781298114
Lebanon,1962,,,,40.8768245021668
Lebanon,1963,,,,33.900603430741064
Lebanon,1964,,,0.0365625,38.065368323106654
Lebanon,1965,,,0.03888731195004258,44.59853182935365
Lebanon,1966,,,0.04163434186708043,51.42537730575741
Lebanon,1967,,,0.04842931937172775,57.73095502602573
Lebanon,1968,,,0.048443716358530314,65.57231644503013
Lebanon,1969,,,0.046440306681270534,65.13897338519871
Lebanon,1970,,,0.04336210439786272,64.54612753825353
Lebanon,1971,,,0.04000740877940359,66.92009554702531
Lebanon,1972,,,0.050903377847604084,106.2044369853674
Lebanon,1973,,,0.03815289314374208,103.8155072019614
Lebanon,1974,,,,179.14217960614496
Lebanon,1975,,,,165.9441002962667
Lebanon,1976,,,0.12124908514271773,173.07484703596268
Lebanon,1977,,,0.047322844249298696,126.4271935769772
Lebanon,1978,,,0.08489601091033072,252.76022968359294
Lebanon,1979,,,0.10071748878923767,346.31100146480605
Lebanon,1980,1990.293730095534,,0.12357142857142857,503.4763147861971
Lebanon,1981,1565.2664061092014,,0.09583333333333334,373.2147700324767
Lebanon,1982,950.1422138425298,,0.0928645130565918,246.65175512751054
Lebanon,1983,1691.5506017153386,,0.1345562058770289,492.4726766000393
Lebanon,1984,1993.4151708888155,,0.10968726704767313,474.5749175637259
Lebanon,1985,1422.500220813788,,0.06286976015102226,227.20350855820186
Lebanon,1986,1109.509105553103,,0.05263839550029603,148.29332367298326
Lebanon,1987,276.1761145252436,,0.011218465783679361,36.9997684731696
Lebanon,1988,209.7548218657922,11.496416104814163,0.011865781710914455,39.31774307846443
Lebanon,1989,,,,
Lebanon,1990,667.8193774572173,60.17996593440731,0.07551951343132286,214.36103865835884
Lebanon,1991,635.9642920392031,63.23222127398728,0.051548886737657305,229.46973100329984
Lebanon,1992,1133.0283194351068,119.38159371093609,0.0798399831561217,442.78633107386196
Lebanon,1993,944.7523257354889,119.64587442216565,0.060112787684804145,452.97928056231916
Lebanon,1994,1185.149510346664,165.31987515734562,0.06997713165632147,637.4734386067247
Lebanon,1995,1214.1421514731808,190.1794225600739,0.06711927989111367,746.26405412573
Lebanon,1996,1065.3613949205444,183.9997532747945,0.05661852426853128,735.6310135926284
Lebanon,1997,892.9670708230642,166.54329063125076,0.04305154639175258,678.164279450453
Lebanon,1998,860.6539782289811,167.39973402378192,0.04023252256386722,693.871897528576
Lebanon,1999,1020.995416686272,196.69597553053012,0.04770439292251373,829.663624787776
Lebanon,2000,1148.3234668757884,216.6355890398153,0.05392100303834468,930.016583747927
Lebanon,2001,1187.9030494395438,219.546639986812,0.0544789624491027,958.5406301824212
Lebanon,2002,1105.1551282818086,204.47559408904104,0.04753300903405142,907.4626865671642
Lebanon,2003,1110.4662818389636,205.69906094388827,0.04675691108797152,923.3830845771145
Lebanon,2004,1129.0846287915933,209.2416770451411,0.045111922981515624,954.5605306799337
Lebanon,2005,1146.728919368471,207.57401977246252,0.04477395279792413,962.5207296849087
Lebanon,2006,1138.6407073158462,214.3976251339985,0.045814308533400905,1008.955223880597
Lebanon,2007,1249.6315663816451,240.19987616638508,0.04641005074001968,1152.2388059701493
Lebanon,2008,1145.1382495008568,239.06089611902328,0.04016241193773761,1169.485903814262
Lebanon,2009,1380.02484168652,287.598774294154,0.04028867584684341,1426.2023217247097
Lebanon,2010,1475.3056302000473,315.50374165655967,0.04123946871684434,1585.4063018242123
Lebanon,2011,1441.893621559515,321.64010217189053,0.04073756769429326,1626.5339966832505
Lebanon,2012,1461.547683802509,342.2032970493201,0.039921437943628915,1757.2139303482588
Lebanon,2013,1535.9678117736883,362.69781550914814,0.041290827326916885,1935.7182413723235
Lebanon,2014,1768.4703494786754,369.11641622663274,0.04719941513846657,2270.065959793791
Lebanon,2015,1812.5479582594653,342.20906077925537,0.0448517082491055,2239.416093739447
Lebanon,2016,2126.2814170446863,407.19526766477946,0.050959805526496316,2606.456908322253
Lebanon,2017,1908.8776111979496,390.8846848708121,0.04603397368026719,2441.074857018222
Lebanon,2018,2046.0963514827006,456.88194505458097,0.050555209744563206,2775.557816206579
Lebanon,2019,1804.3932251558906,394.71548218646853,0.047393827778858914,2326.058336524859
Lebanon,2020,743.8389875715228,75.8411256064148,0.030266583649933166,431.9910514541387
Lebanon,2021,290.93247041926435,30.06086123987278,0.01609054299679692,171.58739595719382
Lebanon,2022,246.46475301637298,38.18919902167829,0.013950376434210307,218.74773199617326
Lebanon,2023,286.21731780181096,49.6818812362109,0.01624092345755437,286.21731780181096
Lebanon,2024,453.0084749487151,109.8291690125051,0.025882853822520337,635.4715719063546
Oman,1949,,,,
Oman,1950,,,,
Oman,1951,,,,
Oman,1952,,,,
Oman,1953,,,,
Oman,1954,,,,
Oman,1955,,,,
Oman,1956,,,,
Oman,1957,,,,
Oman,1958,,,,
Oman,1959,,,,
Oman,1960,,,,
Oman,1961,,,,
Oman,1962,,,,
Oman,1963,,,,
Oman,1964,,,,
Oman,1965,,,,
Oman,1966,,,,
Oman,1967,,,,
Oman,1968,,,,
Oman,1969,,,,
Oman,1970,,,,
Oman,1971,375.3695758461633,,0.09652278177458035,29.065079300127334
Oman,1972,631.575713108489,,0.1486150568181818,54.52441938333337
Oman,1973,680.3143910065443,,0.1859504132231405,89.8265065188379
Oman,1974,727.1320259755543,,0.15527704485488128,255.57324840764332
Oman,1975,1502.568446715686,,0.2495857497928749,523.3063115228721
Oman,1976,1607.8076434215095,,0.2300972520637793,589.0995946728432
Oman,1977,1542.1491139069396,,0.18781685678073512,514.8378691372322
Oman,1978,2025.7747596685695,,0.20949941915724998,574.3341053850608
Oman,1979,1582.1365198379826,,0.15640747344755407,584.1053850607991
Oman,1980,1581.8496916474594,,0.14909881307087383,883.7579617834396
Oman,1981,1906.7869792214526,,0.15713425647200482,1133.46844238564
Oman,1982,2069.779173222172,,0.16666029220530865,1261.5807759119862
Oman,1983,2441.033617544698,,0.17159369885433715,1457.0063694267517
Oman,1984,2858.732655473166,,0.1689304167569073,1580.7896420640595
Oman,1985,3046.4676776139713,,0.15561466050242298,1617.7130531710072
Oman,1986,2526.2237174489974,,0.1586657759114335,1305.6897969014246
Oman,1987,2163.1182339763936,,0.13202314926452857,1139.1417425227569
Oman,1988,2147.513477433935,743.6211445958058,0.13699798418359435,1148.89466840052
Oman,1989,2156.080103961002,717.8440296794921,0.12500000000000003,1171.5214564369312
Oman,1990,2422.2708630567067,841.8135905888043,0.12390941464500331,1447.9193758127435
Oman,1991,2006.8972688764027,694.0328780049942,0.11063910291689596,1254.8114434330296
Oman,1992,2403.5162263410894,800.6148546410888,0.12184092902794601,1517.1651495448632
Oman,1993,2255.525608946707,726.8662173614226,0.11525730701973522,1439.9219765929781
Oman,1994,2396.809402136201,737.1925447663394,0.11766452600004024,1520.091027308192
Oman,1995,2414.262254319831,720.1946502123806,0.10967647723846849,1513.849154746424
Oman,1996,2280.711896086941,671.8986242857427,0.09407078290179254,1437.1911573472037
Oman,1997,2360.398072682528,681.717854822868,0.09357911158551603,1482.054616384915
Oman,1998,2090.4780892734043,597.2838521243731,0.08216092167151773,1318.2054616384914
Oman,1999,2114.9255637748715,598.9464399641611,0.07516788219327375,1340.4421326397924
Oman,2000,2518.6822915715607,695.4334977742,0.07085708782927362,1577.2431729518855
Oman,2001,2930.1010333291174,792.6376170690929,0.08195640371187689,1819.8959687906372
Oman,2002,3016.7340206511467,803.9868931419529,0.08100665654578335,1868.4655396618987
Oman,2003,3172.21564120194,838.0045928672218,0.07962034986515949,1969.3107932379712
Oman,2004,3570.9333726776845,938.4472893403569,0.07860379597178242,2230.6892067620283
Oman,2005,4302.495932212248,1126.2383649305318,0.07714034108533051,2739.0117035110534
Oman,2006,4585.450758096021,1215.3706425558546,0.07099093618680354,3022.6267880364103
Oman,2007,4651.02142840758,1276.397868219632,0.06717564316938854,3244.6033810143044
Oman,2008,4416.753697473632,1332.7497094393905,0.0496024822382651,3462.4837451235367
Oman,2009,4151.569659230494,1268.3579085024944,0.06072570475190308,3367.490247074123
Oman,2010,4383.479060388288,1352.7602864499734,0.056488551649299334,3671.3914174252277
Oman,2011,5738.66523603329,1785.3321008798173,0.06452751080660045,5000.715214564369
Oman,2012,10311.794069971651,2758.9174455885827,0.10583203152895729,9250.650195058517
Oman,2013,9670.795238975506,2343.3092477863647,0.09747272601074888,8766.31989596879
Oman,2014,8969.267350948516,2091.551835298489,0.08860411813946616,8213.524057217166
Oman,2015,8221.359812124132,1847.3639198184171,0.09571167303212345,7533.5500650195045
Oman,2016,8565.495826102837,1849.442038391056,0.10563126228939859,7935.955786736021
Oman,2017,7226.879827841738,1515.0703340178,0.08413249952121545,6802.665799739922
Oman,2018,7966.906741267378,1650.3805853798024,0.08267601442385016,7565.344603381014
Oman,2019,6865.090349448736,1420.7417723039748,0.0743921190765759,6551.040312093628
Oman,2020,6413.997300456001,1333.5613022563518,0.08030242505396253,6095.708712613784
Oman,2021,5984.928467893375,1292.7168271178716,0.06623175199393636,5783.615084525357
Oman,2022,5838.473438004597,1277.5535775378073,0.05264759081783401,5783.485045513654
Oman,2023,5851.7555266579975,1186.246812620717,0.05525960964611746,5851.7555266579975
Oman,2024,5911.434201135474,1159.3991266111682,0.05594195319452839,5988.296488946684
Qatar,1949,,,,
Qatar,1950,,,,
Qatar,1951,,,,
Qatar,1952,,,,
Qatar,1953,,,,
Qatar,1954,,,,
Qatar,1955,,,,
Qatar,1956,,,,
Qatar,1957,,,,
Qatar,1958,,,,
Qatar,1959,,,,
Qatar,1960,,,,
Qatar,1961,,,,
Qatar,1962,,,,
Qatar,1963,,,,
Qatar,1964,,,,
Qatar,1965,,,,
Qatar,1966,,,,
Qatar,1967,,,,
Qatar,1968,,,,
Qatar,1969,,,,
Qatar,1970,,,,
Qatar,1971,,,,
Qatar,1972,,,,
Qatar,1973,,,,
Qatar,1974,,,,
Qatar,1975,,,,
Qatar,1976,,,,
Qatar,1977,,,,
Qatar,1978,,,,
Qatar,1979,,,,
Qatar,1980,2317.5788897568664,,0.07868680877786693,616.740088105727
Qatar,1981,3651.769856744258,,0.1221680182463254,1059.5054945054944
Qatar,1982,4784.426198376876,,0.1927738675329363,1467.2527472527472
Qatar,1983,2872.8366935631766,,0.13958483372166913,905.1923076923077
Qatar,1984,2746.2332263769704,,0.12733925143953934,874.8626373626373
Qatar,1985,4709.141826940582,,0.24846414858469507,1528.8736263736262
Qatar,1986,,,,
Qatar,1987,2576.3640141545525,,0.1588953341740227,865.4120879120879
Qatar,1988,2796.39530527064,2432.066695680557,0.16272350880385822,982.5549450549449
Qatar,1989,2337.6197793656524,2029.8122929701876,0.13077574525745259,848.4615384615385
Qatar,1990,2115.2659546605796,1826.3203309392684,0.10743878769782024,790.7967032967032
Qatar,1991,2294.3370514098524,2003.650711704403,0.1301125478927203,895.6318681318681
Qatar,1992,,,,
Qatar,1993,,,,
Qatar,1994,,,,
Qatar,1995,,,,
Qatar,1996,,,,
Qatar,1997,,,,
Qatar,1998,,,,
Qatar,1999,,,,
Qatar,2000,,,,
Qatar,2001,,,,
Qatar,2002,1529.2256388399767,1096.5259524337334,0.03929969922251859,760.9890109890109
Qatar,2003,1541.788596743696,1077.768385460693,0.03333994840246081,784.6153846153845
Qatar,2004,1421.0871467683785,1014.9311923293525,0.024338596855737932,772.3626373626373
Qatar,2005,1500.6570859233655,1130.5732484076434,0.01993016268639221,887.5
Qatar,2006,1611.3289064733815,1230.648681572469,0.017505076485718155,1065.7417582417581
Qatar,2007,2076.3153111591696,1446.504884004884,0.01959841599718767,1562.2252747252746
Qatar,2008,2677.2086441554043,1733.3582647718774,0.02010500927113175,2317.5
Qatar,2009,2365.819655753164,1284.3451867842111,0.01992213176922688,1948.3516483516482
Qatar,2010,2335.5286919796995,1133.9928953222004,0.014739090832173602,1876.7582417582416
Qatar,2011,,,,
Qatar,2012,,,,
Qatar,2013,,,,
Qatar,2014,,,,
Qatar,2015,,,,
Qatar,2016,,,,
Qatar,2017,,,,
Qatar,2018,,,,
Qatar,2019,,,,
Qatar,2020,,,,
Qatar,2021,12541.070654449351,4153.854028450947,0.06452355112331698,11593.406593406593
Qatar,2022,15878.711836402663,5428.7030334934525,0.06500205652723035,15412.08791208791
Qatar,2023,,,,
Qatar,2024,,,,
Saudi Arabia,1949,,,,
Saudi Arabia,1950,,,,
Saudi Arabia,1951,,,,
Saudi Arabia,1952,,,,
Saudi Arabia,1953,,,,
Saudi Arabia,1954,,,,
Saudi Arabia,1955,,,,
Saudi Arabia,1956,,,,
Saudi Arabia,1957,,,,
Saudi Arabia,1958,,,,71.2
Saudi Arabia,1959,,,,72.26666666666667
Saudi Arabia,1960,,,,140.88888888888889
Saudi Arabia,1961,,,,71.55555555555556
Saudi Arabia,1962,,,,84.22222222222223
Saudi Arabia,1963,906.1589496072891,,0.059026977173161174,113.77777777777777
Saudi Arabia,1964,957.2286401109873,,0.05966305397574847,123.55555555555556
Saudi Arabia,1965,1371.9688132191957,,0.07690089397289243,177.7777777777778
Saudi Arabia,1966,2283.2272168180907,,0.11324231510176731,300.4444444444444
Saudi Arabia,1967,2502.5834867657973,,0.11511831393137031,336.22222222222223
Saudi Arabia,1968,2481.3534118873804,,0.08087454892804076,338.6666666666667
Saudi Arabia,1969,3039.4068242410794,,0.09570515678406896,429.3333333333333
Saudi Arabia,1970,3332.3888399268517,,0.09403527430647877,471.5555555555556
Saudi Arabia,1971,3960.753001070705,,0.08640194117454175,587.2743117078204
Saudi Arabia,1972,5556.914073027627,,0.10081551570913273,930.5748235719885
Saudi Arabia,1973,7175.60619534813,,0.10840447591115429,1565.5899357630599
Saudi Arabia,1974,,,,
Saudi Arabia,1975,,,,
Saudi Arabia,1976,,,,
Saudi Arabia,1977,21083.372879701117,,0.15648818396759645,11584.767351477705
Saudi Arabia,1978,23904.452211280935,,0.16736573791806542,13404.087587805481
Saudi Arabia,1979,30726.98314945592,,0.15768811806034586,17616.726770688278
Saudi Arabia,1980,34348.698741593755,,0.12613359238789398,20724.493047247455
Saudi Arabia,1981,39998.730980433276,,0.13265238879736407,24399.927864219175
Saudi Arabia,1982,44562.66015129945,,0.1772024639591604,27095.79746628668
Saudi Arabia,1983,36182.35771585912,,0.16972927321774717,21872.720536303535
Saudi Arabia,1984,38860.08970471353,,0.19004348363892404,22672.05099026338
Saudi Arabia,1985,32090.232505366686,,0.16995200867351548,17656.965219455902
Saudi Arabia,1986,,,,
Saudi Arabia,1987,28550.27287016547,,0.16896414193660964,14460.266666666666
Saudi Arabia,1988,26130.254278510445,1423.1315714691673,0.15151881883093307,13354.666666666666
Saudi Arabia,1989,24691.890193597163,1291.2564985483762,0.13390316581901285,12749.866666666667
Saudi Arabia,1990,31030.114137126377,1575.2158977816302,0.14024292645895356,16355.466666666665
Saudi Arabia,1991,29591.622177118898,1500.6392023733063,0.12469807991021689,16355.466666666665
Saudi Arabia,1992,27812.44026683883,1344.6788642796696,0.11284157983305221,15360.266666666666
Saudi Arabia,1993,29476.5443791504,1376.5542632415697,0.12465372282065115,16451.2
Saudi Arabia,1994,25442.229918729463,1144.1177256095932,0.1064478167353803,14279.733333333334
Saudi Arabia,1995,22427.09860184997,1013.9232403922472,0.09278468390115163,13200.266666666666
Saudi Arabia,1996,22390.873864054458,983.7758112094396,0.08468077759044465,13340.0
Saudi Arabia,1997,30407.80218503305,1285.3968704202714,0.11000935423416658,18126.666666666668
Saudi Arabia,1998,35126.1125367431,1424.291663821943,0.1431103745005927,20861.6
Saudi Arabia,1999,31263.62573058912,1205.5010857406066,0.11381936022584942,18320.0
Saudi Arabia,2000,34457.259389676234,1267.8139751487056,0.10534403313019293,19964.266666666666
Saudi Arabia,2001,36702.31905149829,1266.0565189466924,0.11419004886992641,21026.666666666668
Saudi Arabia,2002,32215.615295157928,1058.7620410109682,0.09758063800537974,18501.86666666667
Saudi Arabia,2003,32444.631677052374,1021.8273650551408,0.08687118464557368,18747.466666666667
Saudi Arabia,2004,36002.24038440192,1087.6105274107979,0.08081555658982431,20910.4
Saudi Arabia,2005,43476.054622620366,1262.4689802975072,0.07730598874819485,25392.03860072376
Saudi Arabia,2006,49525.37694032311,1408.1262123636961,0.07848365211435224,29580.507343124165
Saudi Arabia,2007,57047.10727112142,1618.7993705751653,0.08527049978268923,35469.513008672446
Saudi Arabia,2008,55990.18935005123,1674.6082511865645,0.07353436467978287,38222.933333333334
Saudi Arabia,2009,57539.62254280358,1737.5663157894737,0.09617199992293911,41267.2
Saudi Arabia,2010,59887.64140616963,1832.8755654581055,0.08565677294177529,45244.53333333333
Saudi Arabia,2011,60701.087527250784,1893.594495818539,0.07172399148617764,48530.933333333334
Saudi Arabia,2012,68696.86054407968,2125.4182027938705,0.07615807602284652,56497.86666666666
Saudi Arabia,2013,78710.46165401416,2433.2861344080166,0.08890191411931835,67020.0
Saudi Arabia,2014,92775.25781454997,2832.6751078531092,0.10535060463745252,80762.4
Saudi Arabia,2015,98960.63376455799,2956.956644621559,0.13022838193006966,87185.86666666667
Saudi Arabia,2016,70807.1552691961,2090.0997899159665,0.0956048239449097,63672.8
Saudi Arabia,2017,78949.87235423211,2273.0941848826324,0.09846226923977916,70400.0
Saudi Arabia,2018,81666.23471111133,2438.787561831296,0.08813335176243393,74612.26666666668
Saudi Arabia,2019,73071.79842480402,2168.851135370696,0.07794588442168612,65362.666666666664
Saudi Arabia,2020,69768.81786466595,2095.439644259794,0.08792174110135297,64558.4
Saudi Arabia,2021,66265.12660434241,2027.224414290144,0.07229219836676616,63194.666666666664
Saudi Arabia,2022,72570.36881222838,2252.644284216879,0.06397422152789925,70920.0
Saudi Arabia,2023,77765.33333333334,2366.061196133913,0.0728424248969983,77765.33333333333
Saudi Arabia,2024,78953.62723106716,2386.461087509779,0.07298102939010304,80330.66666666667
Syria,1949,,,,
Syria,1950,,,,
Syria,1951,,,,
Syria,1952,,,,
Syria,1953,,,,
Syria,1954,,,,
Syria,1955,,,,
Syria,1956,,,,55.58659217877095
Syria,1957,,,,48.324022346368714
Syria,1958,,,,81.00558659217876
Syria,1959,,,,82.9608938547486
Syria,1960,,,0.10517746662324975,90.22346368715084
Syria,1961,,,0.09544917257683215,90.22346368715084
Syria,1962,,,0.13469985358711567,149.59349593495935
Syria,1963,,,,
Syria,1964,,,0.0864297253634895,112.04188481675394
Syria,1965,,,0.08877952755905512,118.0628272251309
Syria,1966,,,0.0774717654051912,102.35602094240838
Syria,1967,,,0.08213961922030825,118.58638743455498
Syria,1968,,,0.12164879356568364,190.05235602094243
Syria,1969,,,0.10826169313711205,194.5026178010471
Syria,1970,,,0.11220588235294118,199.73821989528795
Syria,1971,,,0.08436291027080993,176.9633507853403
Syria,1972,,,0.10771564802774165,260.20942408376965
Syria,1973,,,0.15069465571443058,388.67455698685677
Syria,1974,,,0.12660145156200694,537.3809243166207
Syria,1975,,,0.1594892460067,887.8378378378378
Syria,1976,,,0.1472598584428716,945.0588812433974
Syria,1977,,,0.14504127642246326,998.2165605095541
Syria,1978,,,0.14705609929296984,1213.5031847133757
Syria,1979,,,0.15928567763124135,1581.656050955414
Syria,1980,,,0.1724985371562317,2253.248407643312
Syria,1981,,,0.14546117943962175,2437.707006369427
Syria,1982,,,0.1555939989533058,2726.87898089172
Syria,1983,,,0.14638905186175655,2733.503184713376
Syria,1984,,,0.17686018422659341,3394.9044585987263
Syria,1985,,,0.16555121658155603,3510.31847133758
Syria,1986,,,0.1444968128646193,3678.980891719745
Syria,1987,,,0.11218209721874217,3650.191082802548
Syria,1988,,321.37452933103424,0.07853929383435368,3722.802547770701
Syria,1989,,123.84412030444207,0.0797254083449821,1483.652561247216
Syria,1990,,132.63707684551332,0.06868086819116902,1641.781737193764
Syria,1991,,226.43258710889438,0.10425787318175399,2893.80846325167
Syria,1992,,225.82278703451973,0.08990662755966956,2976.570155902005
Syria,1993,,104.93710361260031,0.07238099841693756,1426.0952380952383
Syria,1994,,116.87020756302516,0.07364142730403615,1636.2997760899152
Syria,1995,,66.44699077066521,0.06949691317483252,957.8998189499096
Syria,1996,,67.15407213744132,0.060419160549867776,995.0890409326054
Syria,1997,,68.79537133950197,0.058827553184212324,1046.927961044541
Syria,1998,,70.1824635366355,0.05808381112387468,1096.0395330516365
Syria,1999,,70.3714963248259,0.05810580496452169,1127.6328571090103
Syria,2000,,54.591340594826924,0.054536564211942334,897.044908654196
Syria,2001,,60.70568617394876,0.05480550467757965,1022.526577913993
Syria,2002,,63.90359562602964,0.05412501222733053,1102.9121569096455
Syria,2003,,81.24282914042689,0.06248324271989275,1436.2107335444664
Syria,2004,,76.71095428351738,0.05541838675812422,1388.544983485948
Syria,2005,,78.08779716084588,0.05026419903879345,1450.3246566683906
Syria,2006,,75.3196374853905,0.043944468231112574,1435.2156922841161
Syria,2007,,79.08569776274942,0.04100543653330558,1599.0337230650305
Syria,2008,,80.39430358262533,0.035523398057458,1732.4168479019934
Syria,2009,,100.44073748811465,0.040277077585693585,2181.9745811918024
Syria,2010,,105.53402082826652,0.040561417360958515,2346.021283012365
Syria,2011,,109.73773842746415,,2494.887483148397
Syria,2012,,,,
Syria,2013,,,,
Syria,2014,,,,
Syria,2015,,,,
Syria,2016,,,,
Syria,2017,,,,
Syria,2018,,,,
Syria,2019,,,,
Syria,2020,,,,
Syria,2021,,,,
Syria,2022,,,,
Syria,2023,,,,
Syria,2024,,,,
Turkey,1949,,,,197.68186020052622
Turkey,1950,,,,212.97020550380432
Turkey,1951,,,,231.81397994737964
Turkey,1952,,,,257.7686126715495
Turkey,1953,1014.1844940667581,,,294.0339899025812
Turkey,1954,1025.7353688477724,,,332.0770817037616
Turkey,1955,1037.2542537873508,,,382.9197184100121
Turkey,1956,960.3573458760922,,,412.07423736044944
Turkey,1957,892.2678046840625,,,450.1173291616298
Turkey,1958,866.6932600414539,,,523.1316725978647
Turkey,1959,1031.3719339331692,,,766.1921708185052
Turkey,1960,1137.2819862467816,,0.035315712187958884,468.8109161793372
Turkey,1961,1278.7186487505685,,0.037645429362880886,301.330376940133
Turkey,1962,1361.9230712695125,,0.03711083437110834,330.3769401330377
Turkey,1963,1399.3577482901337,,0.03387339055793991,350.0
Turkey,1964,1500.8156575490584,,0.034224652087475146,380.89780367002726
Turkey,1965,1572.4315479794745,,0.035544186046511626,422.67699115044246
Turkey,1966,1575.7088240191488,,0.03143981117230527,442.0353982300885
Turkey,1967,1697.6700991982068,,0.032595744680851066,508.40707964601773
Turkey,1968,1898.0071813441475,,0.03275555555555556,570.6858407079646
Turkey,1969,1840.0793930356465,,0.03079337899543379,596.79203539823
Turkey,1970,2041.071125178631,,0.03256488549618321,564.8585426137618
Turkey,1971,2338.8668333326787,,0.034997938144329895,570.8731594772208
Turkey,1972,2458.2845130760206,,0.034455205811138014,703.9575971731448
Turkey,1973,2606.4325995215527,,0.03349450549450549,861.6254416961131
Turkey,1974,2922.2302286984414,,0.03193021379588544,1136.7046980347668
Turkey,1975,5110.301553738611,,0.051194539249146756,2284.9862554614633
Turkey,1976,5369.069506465238,,0.049430272108843536,2534.775214756028
Turkey,1977,5169.657716702767,,0.04713623023762189,2765.773072180067
Turkey,1978,4733.856129693776,,0.04187306403691763,2727.882976007116
Turkey,1979,4200.285142190879,,0.033572585580072714,3001.142305526506
Turkey,1980,4353.423706810254,,0.039003132966796694,2671.9762855726276
Turkey,1981,4911.701053077151,,0.03824531869979086,2814.869761461621
Turkey,1982,5369.548643447277,,0.04298151312126855,2754.7323026951212
Turkey,1983,5080.463929890813,,0.03937605205460075,2469.375535024417
Turkey,1984,4938.814378735822,,0.0359709381495019,2190.0523074741327
Turkey,1985,5239.646440299964,,0.035310431587825764,2365.977436046768
Turkey,1986,5887.1356740758765,,0.036379924825208874,2769.4095879687834
Turkey,1987,5622.389413285545,,0.03328585250483767,2889.5934970730764
Turkey,1988,4952.233125393786,,0.029322086364339885,2663.901290118466
Turkey,1989,5730.003365446738,,0.03148726520916729,3373.7415632894686
Turkey,1990,6923.834383694208,,0.03527705693787208,5315.41339548577
Turkey,1991,7117.4962411513025,,0.03754364248079731,5670.666519648499
Turkey,1992,7486.493180749504,,0.03870566500210357,6157.947273304018
Turkey,1993,8277.24789383839,,0.039214172544982995,7075.086939897675
Turkey,1994,8092.5557309056685,,0.040513593369920095,5293.173965760063
Turkey,1995,8313.635645627104,,0.03901649734749036,6606.245814710841
Turkey,1996,9304.411812487655,,0.04139696942618933,7512.090795517223
Turkey,1997,9697.129136094401,,0.04103672230568306,7791.986303624931
Turkey,1998,10160.982936415756,,0.03182208001423315,8781.048158205613
Turkey,1999,11219.242374336905,,0.038814129638097765,9951.788873951427
Turkey,2000,10857.719316332794,,0.03643429340467491,9993.730196938994
Turkey,2001,9953.499545358982,,0.03576679707942291,7216.051044802912
Turkey,2002,10590.505207828079,,0.03767091510415631,9050.377181982842
Turkey,2003,9848.759047481342,,0.0326703119500148,10277.901778278221
Turkey,2004,9152.466221618075,,0.026710002937276787,10920.773882177982
Turkey,2005,8821.3233061599,,0.02386091053069946,12081.156313728992
Turkey,2006,9233.968782094553,,0.0234016133817719,13036.508103188771
Turkey,2007,8903.60526466004,,0.021998066044664817,14987.758360003992
Turkey,2008,9031.775149745454,,0.021817869950416652,16809.57649517487
Turkey,2009,9664.084937351605,,0.024715512752739543,16047.510903507187
Turkey,2010,9493.114514953118,,0.022717151509338302,17650.464118175463
Turkey,2011,9574.547477661481,,0.020275060358965015,17006.477805307622
Turkey,2012,9809.525509017383,,0.020094481178694123,17694.320712694876
Turkey,2013,10074.223220608139,,0.019239596649605385,18427.646196756963
Turkey,2014,10147.72911054429,,0.018719663944390424,17576.538470505897
Turkey,2015,10442.04707977235,,0.018128485572372934,15668.749999999998
Turkey,2016,12242.601720954835,,0.020503243786549708,17827.702150796664
Turkey,2017,13140.21268084131,,0.02050065992193264,17822.738263164494
Turkey,2018,16678.568582280128,,0.02522090224148575,19648.69382385138
Turkey,2019,17729.790546261265,,0.026898589794363343,20436.917121238785
Turkey,2020,15070.378798030746,,0.02195552186910229,15782.990905830842
Turkey,2021,15333.864750175402,,0.018588832109145602,15254.829834666363
Turkey,2022,16429.033296339163,,0.016587984353461083,15036.835693606365
Turkey,2023,19577.83192354367,,0.017199188018746526,19577.831923543665
Turkey,2024,21884.408730506595,,0.019225523127637117,24978.735534603824
United Arab Emirates,1949,,,,
United Arab Emirates,1950,,,,
United Arab Emirates,1951,,,,
United Arab Emirates,1952,,,,
United Arab Emirates,1953,,,,
United Arab Emirates,1954,,,,
United Arab Emirates,1955,,,,
United Arab Emirates,1956,,,,
United Arab Emirates,1957,,,,
United Arab Emirates,1958,,,,
United Arab Emirates,1959,,,,
United Arab Emirates,1960,,,,
United Arab Emirates,1961,,,,
United Arab Emirates,1962,,,,
United Arab Emirates,1963,,,,
United Arab Emirates,1964,,,,
United Arab Emirates,1965,,,,
United Arab Emirates,1966,,,,
United Arab Emirates,1967,,,,
United Arab Emirates,1968,,,,
United Arab Emirates,1969,,,,
United Arab Emirates,1970,,,,
United Arab Emirates,1971,,,,
United Arab Emirates,1972,,,,
United Arab Emirates,1973,,,,
United Arab Emirates,1974,,,,
United Arab Emirates,1975,,,,
United Arab Emirates,1976,,,,
United Arab Emirates,1977,,,,
United Arab Emirates,1978,,,,
United Arab Emirates,1979,,,,
United Arab Emirates,1980,,,,
United Arab Emirates,1981,,,,
United Arab Emirates,1982,,,,
United Arab Emirates,1983,,,,
United Arab Emirates,1984,,,,
United Arab Emirates,1985,,,,
United Arab Emirates,1986,,,,
United Arab Emirates,1987,,,,
United Arab Emirates,1988,,,,
United Arab Emirates,1989,,,,
United Arab Emirates,1990,,,,
United Arab Emirates,1991,,,,
United Arab Emirates,1992,,,,
United Arab Emirates,1993,,,,
United Arab Emirates,1994,,,,
United Arab Emirates,1995,,,,
United Arab Emirates,1996,,,,
United Arab Emirates,1997,7556.54799472579,1232.2743780882479,0.06759061480635173,3335.766741484887
United Arab Emirates,1998,8910.415402011553,1369.6540898049675,0.08629721209848476,4010.347174948945
United Arab Emirates,1999,9211.861612395864,1342.557478727835,0.07669537997603403,4233.083730428863
United Arab Emirates,2000,12616.733816298556,1738.9268720368932,0.083237222448449,5875.833900612663
United Arab Emirates,2001,12110.44094536022,1606.9727811579744,0.05612105523405208,5797.957794417972
United Arab Emirates,2002,10866.265485821832,1394.664873124188,0.04875531805344832,5354.118447923757
United Arab Emirates,2003,11483.446041646755,1432.1839702735608,0.04692306267229281,5834.717494894487
United Arab Emirates,2004,12772.61037737423,1581.2763240110037,0.04611477639662596,6816.882232811437
United Arab Emirates,2005,11652.233253402317,1452.4346950083261,0.03656470678320815,6604.220558202859
United Arab Emirates,2006,11568.241832716663,1498.4146073074687,0.03225974473046374,7165.418652144315
United Arab Emirates,2007,12292.063291658116,1615.9270193627299,0.032805213698945415,8460.993873383253
United Arab Emirates,2008,14973.814419758462,1924.4439407831703,0.036680226492700974,11571.681415929203
United Arab Emirates,2009,17629.00761071412,2098.9610526941915,0.05457107773110363,13836.35125936011
United Arab Emirates,2010,22108.712055887612,2565.918656235512,0.06038592208267877,17504.697072838666
United Arab Emirates,2011,24016.202277326676,2718.888206491927,0.05466314527530611,19181.756296800544
United Arab Emirates,2012,23662.105509046127,2590.427291104022,0.05075556493767565,19024.098025867937
United Arab Emirates,2013,28985.925723296794,3079.8773786800857,0.06034686250644439,23561.061946902657
United Arab Emirates,2014,27352.579718317782,2839.4149584720953,0.05643651352470238,22755.071477195375
United Arab Emirates,2015,,,,
United Arab Emirates,2016,,,,
United Arab Emirates,2017,,,,
United Arab Emirates,2018,,,,
United Arab Emirates,2019,,,,
United Arab Emirates,2020,,,,
United Arab Emirates,2021,,,,
United Arab Emirates,2022,,,,
United Arab Emirates,2023,,,,
United Arab Emirates,2024,,,,
Yemen,1949,,,,
Yemen,1950,,,,
Yemen,1951,,,,
Yemen,1952,,,,
Yemen,1953,,,,
Yemen,1954,,,,
Yemen,1955,,,,
Yemen,1956,,,,
Yemen,1957,,,,
Yemen,1958,,,,
Yemen,1959,,,,
Yemen,1960,,,,
Yemen,1961,,,,
Yemen,1962,,,,
Yemen,1963,,,,
Yemen,1964,,,,
Yemen,1965,,,,
Yemen,1966,,,,
Yemen,1967,,,,
Yemen,1968,,,,
Yemen,1969,,,,
Yemen,1970,,,,
Yemen,1971,,,,
Yemen,1972,,,,
Yemen,1973,,,,
Yemen,1974,,,,
Yemen,1975,,,,
Yemen,1976,,,,
Yemen,1977,,,,
Yemen,1978,,,,
Yemen,1979,,,,
Yemen,1980,,,,
Yemen,1981,,,,
Yemen,1982,,,,
Yemen,1983,,,,
Yemen,1984,,,,
Yemen,1985,,,,
Yemen,1986,,,,
Yemen,1987,,,,
Yemen,1988,,,,
Yemen,1989,,,,
Yemen,1990,5945.417856032554,59.25194299105328,0.0655118344395031,807.0707154811367
Yemen,1991,5569.520802659109,72.63990933146398,0.07011218858583335,1028.2179165868727
Yemen,1992,5470.166521785287,88.86849080726293,0.07277043191217106,1306.9000258116087
Yemen,1993,4734.222037911075,100.5341227311248,0.07063920416457582,1535.4576564724691
Yemen,1994,4856.784318881333,148.43379157599753,0.08398759041228597,2353.269331645865
Yemen,1995,3646.9182382620716,49.00829347551803,0.06350578483054575,805.8923779114184
Yemen,1996,3319.9967670426113,24.419384387067737,0.052813459409681164,416.008632418086
Yemen,1997,4258.309368440996,22.573794340104126,0.05805752596721074,397.0730424424316
Yemen,1998,4089.628464922242,21.17538992786221,0.06081568704138265,384.502730310122
Yemen,1999,4433.695505467089,21.098161485476098,0.05172722436393617,395.2529572689092
Yemen,2000,5275.82674482775,24.510428587402405,0.04915392365099431,473.6640324515515
Yemen,2001,5606.6708574344675,27.10808566386456,0.05481014691646296,540.1014987668375
Yemen,2002,7100.917509098356,35.91828866689583,0.06895607950343104,737.3665480427046
Yemen,2003,7327.117800826537,38.18528256929648,0.06854552052014988,807.3132440800662
Yemen,2004,5975.672398526586,33.78279031457872,0.05301366496456003,735.4851279386933
Yemen,2005,6142.749373356803,36.38108140342638,0.04868317011588901,815.627463983416
Yemen,2006,5747.532851967172,35.496331594471684,0.043084670952793565,822.1305360595587
Yemen,2007,6871.802842042408,43.908019401105015,0.048507230594554744,1050.4993641714375
Yemen,2008,6604.835447622556,48.41616146184868,0.044458292448135865,1196.4117658837429
Yemen,2009,7555.8876079946,55.688286917074365,0.056536486926280695,1420.7752641153184
Yemen,2010,7499.151780360602,54.972986248626775,0.04685557123792861,1448.153376747575
Yemen,2011,6799.862264903101,59.34824572646144,0.049264618028420554,1612.2544434050515
Yemen,2012,6229.430783893289,57.81571881100225,0.04573884044789792,1618.8401267080628
Yemen,2013,5731.793730155738,57.11343091047746,0.04079527175546326,1648.7505235236633
Yemen,2014,5514.5771025113745,57.62587686294334,0.03966890832779027,1714.8308436874681
Yemen,2015,,,,
Yemen,2016,,,,
Yemen,2017,,,,
Yemen,2018,,,,
Yemen,2019,,,,
Yemen,2020,,,,
Yemen,2021,,,,
Yemen,2022,,,,
Yemen,2023,,,,
Yemen,2024,,,,
