COUNTRY,income_classification,YEAR
Bahrain,H,1989
Iran,UM,1989
Iraq,UM,1989
Israel,H,1989
Jordan,LM,1989
Kuwait,H,1989
Lebanon,LM,1989
Oman,UM,1989
Qatar,H,1989
Saudi Arabia,H,1989
Syria,LM,1989
United Arab Emirates,H,1989
Palestine,,1989
Yemen,LM*,1989
Bahrain,H,1990
Iran,UM,1990
Iraq,UM,1990
Israel,H,1990
Jordan,LM,1990
Kuwait,H,1990
Lebanon,LM,1990
Oman,UM,1990
Qatar,H,1990
Saudi Arabia,H,1990
Syria,LM,1990
United Arab Emirates,H,1990
Palestine,,1990
Yemen,LM*,1990
Bahrain,H,1991
Iran,UM,1991
Iraq,UM,1991
Israel,H,1991
Jordan,LM,1991
Kuwait,H,1991
Lebanon,LM,1991
Oman,UM,1991
Qatar,H,1991
Saudi Arabia,H,1991
Syria,LM,1991
United Arab Emirates,H,1991
Palestine,,1991
Yemen,LM,1991
Bahrain,UM,1992
Iran,LM,1992
Iraq,UM,1992
Israel,H,1992
Jordan,LM,1992
Kuwait,H,1992
Lebanon,LM,1992
Oman,UM,1992
Qatar,H,1992
Saudi Arabia,UM,1992
Syria,LM,1992
United Arab Emirates,H,1992
Palestine,,1992
Yemen,LM,1992
Bahrain,UM,1993
Iran,LM,1993
Iraq,LM,1993
Israel,H,1993
Jordan,LM,1993
Kuwait,H,1993
Lebanon,LM,1993
Oman,UM,1993
Qatar,H,1993
Saudi Arabia,UM,1993
Syria,LM,1993
United Arab Emirates,H,1993
Palestine,,1993
Yemen,L,1993
Bahrain,UM,1994
Iran,LM,1994
Iraq,LM,1994
Israel,H,1994
Jordan,LM,1994
Kuwait,H,1994
Lebanon,LM,1994
Oman,UM,1994
Qatar,H,1994
Saudi Arabia,UM,1994
Syria,LM,1994
United Arab Emirates,H,1994
Palestine,,1994
Yemen,L,1994
Bahrain,UM,1995
Iran,LM,1995
Iraq,LM,1995
Israel,H,1995
Jordan,LM,1995
Kuwait,H,1995
Lebanon,LM,1995
Oman,UM,1995
Qatar,H,1995
Saudi Arabia,UM,1995
Syria,LM,1995
United Arab Emirates,H,1995
Palestine,,1995
Yemen,L,1995
Bahrain,UM,1996
Iran,LM,1996
Iraq,LM,1996
Israel,H,1996
Jordan,LM,1996
Kuwait,H,1996
Lebanon,LM,1996
Oman,UM,1996
Qatar,H,1996
Saudi Arabia,UM,1996
Syria,LM,1996
United Arab Emirates,H,1996
Palestine,LM,1996
Yemen,L,1996
Bahrain,UM,1997
Iran,LM,1997
Iraq,LM,1997
Israel,H,1997
Jordan,LM,1997
Kuwait,H,1997
Lebanon,LM,1997
Oman,UM,1997
Qatar,H,1997
Saudi Arabia,UM,1997
Syria,LM,1997
United Arab Emirates,H,1997
Palestine,LM,1997
Yemen,L,1997
Bahrain,UM,1998
Iran,LM,1998
Iraq,LM,1998
Israel,H,1998
Jordan,LM,1998
Kuwait,H,1998
Lebanon,LM,1998
Oman,UM,1998
Qatar,H,1998
Saudi Arabia,UM,1998
Syria,LM,1998
United Arab Emirates,H,1998
Palestine,LM,1998
Yemen,L,1998
Bahrain,UM,1999
Iran,LM,1999
Iraq,LM,1999
Israel,H,1999
Jordan,LM,1999
Kuwait,H,1999
Lebanon,UM,1999
Oman,UM,1999
Qatar,H,1999
Saudi Arabia,UM,1999
Syria,LM,1999
United Arab Emirates,H,1999
Palestine,LM,1999
Yemen,L,1999
Bahrain,UM,2000
Iran,LM,2000
Iraq,LM,2000
Israel,H,2000
Jordan,LM,2000
Kuwait,H,2000
Lebanon,UM,2000
Oman,UM,2000
Qatar,H,2000
Saudi Arabia,UM,2000
Syria,LM,2000
United Arab Emirates,H,2000
Palestine,LM,2000
Yemen,L,2000
Bahrain,UM,2001
Iran,LM,2001
Iraq,LM,2001
Israel,H,2001
Jordan,LM,2001
Kuwait,H,2001
Lebanon,UM,2001
Oman,UM,2001
Qatar,H,2001
Saudi Arabia,UM,2001
Syria,LM,2001
United Arab Emirates,H,2001
Palestine,LM,2001
Yemen,L,2001
Bahrain,UM,2002
Iran,LM,2002
Iraq,LM,2002
Israel,H,2002
Jordan,LM,2002
Kuwait,H,2002
Lebanon,UM,2002
Oman,UM,2002
Qatar,H,2002
Saudi Arabia,UM,2002
Syria,LM,2002
United Arab Emirates,H,2002
Palestine,LM,2002
Yemen,L,2002
Bahrain,H,2003
Iran,LM,2003
Iraq,LM,2003
Israel,H,2003
Jordan,LM,2003
Kuwait,H,2003
Lebanon,UM,2003
Oman,UM,2003
Qatar,H,2003
Saudi Arabia,UM,2003
Syria,LM,2003
United Arab Emirates,H,2003
Palestine,LM,2003
Yemen,L,2003
Bahrain,H,2004
Iran,LM,2004
Iraq,LM,2004
Israel,H,2004
Jordan,LM,2004
Kuwait,H,2004
Lebanon,UM,2004
Oman,UM,2004
Qatar,H,2004
Saudi Arabia,UM,2004
Syria,LM,2004
United Arab Emirates,H,2004
Palestine,LM,2004
Yemen,L,2004
Bahrain,H,2005
Iran,LM,2005
Iraq,LM,2005
Israel,H,2005
Jordan,LM,2005
Kuwait,H,2005
Lebanon,UM,2005
Oman,UM,2005
Qatar,H,2005
Saudi Arabia,UM,2005
Syria,LM,2005
United Arab Emirates,H,2005
Palestine,LM,2005
Yemen,L,2005
Bahrain,H,2006
Iran,LM,2006
Iraq,LM,2006
Israel,H,2006
Jordan,LM,2006
Kuwait,H,2006
Lebanon,UM,2006
Oman,UM,2006
Qatar,H,2006
Saudi Arabia,H,2006
Syria,LM,2006
United Arab Emirates,H,2006
Palestine,LM,2006
Yemen,L,2006
Bahrain,H,2007
Iran,LM,2007
Iraq,LM,2007
Israel,H,2007
Jordan,LM,2007
Kuwait,H,2007
Lebanon,UM,2007
Oman,UM,2007
Qatar,H,2007
Saudi Arabia,H,2007
Syria,LM,2007
United Arab Emirates,H,2007
Palestine,LM,2007
Yemen,L,2007
Bahrain,H,2008
Iran,LM,2008
Iraq,LM,2008
Israel,H,2008
Jordan,LM,2008
Kuwait,H,2008
Lebanon,UM,2008
Oman,UM,2008
Qatar,H,2008
Saudi Arabia,H,2008
Syria,LM,2008
United Arab Emirates,H,2008
Palestine,LM,2008
Yemen,L,2008
Bahrain,H,2009
Iran,LM,2009
Iraq,LM,2009
Israel,H,2009
Jordan,LM,2009
Kuwait,H,2009
Lebanon,UM,2009
Oman,H,2009
Qatar,H,2009
Saudi Arabia,H,2009
Syria,LM,2009
United Arab Emirates,H,2009
Palestine,LM,2009
Yemen,L,2009
Bahrain,H,2010
Iran,LM,2010
Iraq,LM,2010
Israel,H,2010
Jordan,LM,2010
Kuwait,H,2010
Lebanon,UM,2010
Oman,H,2010
Qatar,H,2010
Saudi Arabia,H,2010
Syria,LM,2010
United Arab Emirates,H,2010
Palestine,LM,2010
Yemen,L,2010
Bahrain,H,2011
Iran,UM,2011
Iraq,LM,2011
Israel,H,2011
Jordan,LM,2011
Kuwait,H,2011
Lebanon,UM,2011
Oman,H,2011
Qatar,H,2011
Saudi Arabia,H,2011
Syria,LM,2011
United Arab Emirates,H,2011
Palestine,LM,2011
Yemen,LM,2011
Bahrain,H,2012
Iran,UM,2012
Iraq,LM,2012
Israel,H,2012
Jordan,UM,2012
Kuwait,H,2012
Lebanon,UM,2012
Oman,H,2012
Qatar,H,2012
Saudi Arabia,H,2012
Syria,LM,2012
United Arab Emirates,H,2012
Palestine,LM,2012
Yemen,LM,2012
Bahrain,H,2013
Iran,UM,2013
Iraq,LM,2013
Israel,H,2013
Jordan,UM,2013
Kuwait,H,2013
Lebanon,UM,2013
Oman,H,2013
Qatar,H,2013
Saudi Arabia,H,2013
Syria,LM,2013
United Arab Emirates,H,2013
Palestine,LM,2013
Yemen,LM,2013
Bahrain,H,2014
Iran,UM,2014
Iraq,UM,2014
Israel,H,2014
Jordan,UM,2014
Kuwait,H,2014
Lebanon,UM,2014
Oman,H,2014
Qatar,H,2014
Saudi Arabia,H,2014
Syria,LM,2014
United Arab Emirates,H,2014
Palestine,LM,2014
Yemen,LM,2014
Bahrain,H,2015
Iran,UM,2015
Iraq,UM,2015
Israel,H,2015
Jordan,UM,2015
Kuwait,H,2015
Lebanon,UM,2015
Oman,H,2015
Qatar,H,2015
Saudi Arabia,H,2015
Syria,LM,2015
United Arab Emirates,H,2015
Palestine,LM,2015
Yemen,LM,2015
Bahrain,H,2016
Iran,UM,2016
Iraq,UM,2016
Israel,H,2016
Jordan,UM,2016
Kuwait,H,2016
Lebanon,UM,2016
Oman,H,2016
Qatar,H,2016
Saudi Arabia,H,2016
Syria,LM,2016
United Arab Emirates,H,2016
Palestine,LM,2016
Yemen,LM,2016
Bahrain,H,2017
Iran,UM,2017
Iraq,UM,2017
Israel,H,2017
Jordan,UM,2017
Kuwait,H,2017
Lebanon,UM,2017
Oman,H,2017
Qatar,H,2017
Saudi Arabia,H,2017
Syria,LM,2017
United Arab Emirates,H,2017
Palestine,LM,2017
Yemen,LM,2017
Bahrain,H,2018
Iran,UM,2018
Iraq,UM,2018
Israel,H,2018
Jordan,LM,2018
Kuwait,H,2018
Lebanon,UM,2018
Oman,H,2018
Qatar,H,2018
Saudi Arabia,H,2018
Syria,LM,2018
United Arab Emirates,H,2018
Palestine,LM,2018
Yemen,LM,2018
Bahrain,H,2019
Iran,UM,2019
Iraq,UM,2019
Israel,H,2019
Jordan,UM,2019
Kuwait,H,2019
Lebanon,UM,2019
Oman,H,2019
Qatar,H,2019
Saudi Arabia,H,2019
Syria,L,2019
United Arab Emirates,H,2019
Palestine,LM,2019
Yemen,L,2019
Bahrain,H,2020
Iran,UM,2020
Iraq,UM,2020
Israel,H,2020
Jordan,UM,2020
Kuwait,H,2020
Lebanon,UM,2020
Oman,H,2020
Qatar,H,2020
Saudi Arabia,H,2020
Syria,L,2020
United Arab Emirates,H,2020
Palestine,LM,2020
Yemen,L,2020
Bahrain,H,2021
Iran,UM,2021
Iraq,UM,2021
Israel,H,2021
Jordan,UM,2021
Kuwait,H,2021
Lebanon,UM,2021
Oman,H,2021
Qatar,H,2021
Saudi Arabia,H,2021
Syria,L,2021
United Arab Emirates,H,2021
Palestine,LM,2021
Yemen,L,2021
Bahrain,H,2022
Iran,LM,2022
Iraq,UM,2022
Israel,H,2022
Jordan,UM,2022
Kuwait,H,2022
Lebanon,UM,2022
Oman,H,2022
Qatar,H,2022
Saudi Arabia,H,2022
Syria,L,2022
United Arab Emirates,H,2022
Palestine,LM,2022
Yemen,L,2022
Bahrain,H,2023
Iran,LM,2023
Iraq,UM,2023
Israel,H,2023
Jordan,UM,2023
Kuwait,H,2023
Lebanon,LM,2023
Oman,H,2023
Qatar,H,2023
Saudi Arabia,H,2023
Syria,L,2023
United Arab Emirates,H,2023
Palestine,LM,2023
Yemen,L,2023
Bahrain,H,2024
Iran,LM,2024
Iraq,UM,2024
Israel,H,2024
Jordan,LM,2024
Kuwait,H,2024
Lebanon,LM,2024
Oman,H,2024
Qatar,H,2024
Saudi Arabia,H,2024
Syria,L,2024
United Arab Emirates,H,2024
Palestine,UM,2024
Yemen,L,2024
Bahrain,H,2025
Iran,UM,2025
Iraq,UM,2025
Israel,H,2025
Jordan,LM,2025
Kuwait,H,2025
Lebanon,LM,2025
Oman,H,2025
Qatar,H,2025
Saudi Arabia,H,2025
Syria,L,2025
United Arab Emirates,H,2025
Palestine,LM,2025
Yemen,L,2025
Bahrain,H,2026
Iran,UM,2026
Iraq,UM,2026
Israel,H,2026
Jordan,LM,2026
Kuwait,H,2026
Lebanon,LM,2026
Oman,H,2026
Qatar,H,2026
Saudi Arabia,H,2026
Syria,L,2026
United Arab Emirates,H,2026
Palestine,LM,2026
Yemen,L,2026
